center_x,center_y,bbox_x,bbox_y,bbox_w,bbox_h,bbox_rotation,angle_deg,image,bbox_rot
343.5,89.6,326.0,68.6,38.5,37.9,0.0,41.9,2659ffa5-color.png,
345.3,145.0,326.0,125.7,40.3,36.1,0.0,136.1,2659ffa5-color.png,
346.5,200.9,332.0,179.8,29.5,43.9,0.0,263.3,2659ffa5-color.png,
413.2,200.9,398.8,178.6,29.5,42.1,0.0,115.1,2659ffa5-color.png,
412.0,143.2,393.4,125.7,40.9,33.7,0.0,334.1,2659ffa5-color.png,
411.4,84.8,397.6,65.0,27.7,46.3,0.0,272.9,2659ffa5-color.png,
362.7,193.7,348.2,171.4,29.6,44.0,0.0,260.8,dd60aa44-color.png,
429.5,192.5,413.4,172.0,31.9,40.9,0.0,115.8,dd60aa44-color.png,
429.5,135.9,410.1,120.3,38.9,31.7,0.0,328.5,dd60aa44-color.png,
362.1,136.5,343.3,119.9,35.4,33.8,0.0,139.8,dd60aa44-color.png,
359.7,80.6,341.7,62.6,37.3,36.7,0.0,41.5,dd60aa44-color.png,
427.7,77.6,413.8,58.9,29.5,42.7,0.0,284.4,dd60aa44-color.png,
362.7,195.5,348.4,173.0,28.7,40.3,0.0,238.8,26ec68e2-color.png,
362.7,138.3,348.1,116.0,29.5,42.9,0.0,106.8,26ec68e2-color.png,
359.7,80.6,340.5,66.8,41.9,28.8,0.0,3.2,26ec68e2-color.png,
428.9,78.2,413.3,58.7,29.4,41.7,0.0,270.0,26ec68e2-color.png,
428.9,136.5,407.3,120.6,43.6,30.4,0.0,1.6,26ec68e2-color.png,
429.5,195.5,414.3,172.0,29.5,40.9,0.0,116.6,26ec68e2-color.png,
361.5,79.4,337.9,67.9,44.1,27.7,0.0,358.3,6f323235-color.png,
362.7,137.7,347.5,115.9,28.9,43.3,0.0,107.6,6f323235-color.png,
363.3,195.5,348.1,172.6,29.0,41.8,0.0,232.8,6f323235-color.png,
428.9,193.7,409.0,176.3,39.9,32.0,0.0,138.4,6f323235-color.png,
429.5,136.5,407.8,121.0,42.9,28.8,0.0,23.6,6f323235-color.png,
427.7,78.8,415.7,61.8,27.4,39.2,0.0,255.2,6f323235-color.png,
359.1,80.0,345.8,64.3,32.7,34.3,0.0,317.4,07865578-color.png,
360.3,137.7,346.4,116.4,28.9,42.9,0.0,75.2,07865578-color.png,
361.5,193.7,342.9,179.6,40.3,28.4,0.0,209.7,07865578-color.png,
428.9,194.9,407.8,178.1,42.9,29.4,0.0,180.0,07865578-color.png,
427.1,135.9,407.2,120.9,43.6,29.6,0.0,348.1,07865578-color.png,
428.9,78.2,409.4,61.5,37.5,36.0,0.0,225.4,07865578-color.png,
362.7,193.1,345.4,175.1,33.0,37.6,0.0,229.4,f05074cb-color.png,
429.5,193.1,408.3,178.8,42.5,28.8,0.0,199.0,f05074cb-color.png,
429.5,135.9,413.7,115.5,30.4,40.0,0.0,303.7,f05074cb-color.png,
360.9,138.3,347.0,117.0,28.2,41.1,0.0,108.7,f05074cb-color.png,
359.7,80.0,346.1,59.7,27.9,42.0,0.0,295.1,f05074cb-color.png,
429.5,77.6,408.0,65.6,42.6,27.7,0.0,183.4,f05074cb-color.png,
360.9,81.2,344.1,66.9,35.8,30.8,0.0,323.8,47649de1-color.png,
360.9,140.2,347.1,115.8,27.9,43.5,0.0,85.1,47649de1-color.png,
362.7,194.9,341.6,178.7,42.5,29.6,0.0,186.9,47649de1-color.png,
430.1,193.7,407.7,178.4,43.9,29.5,0.0,162.1,47649de1-color.png,
429.5,136.5,414.6,113.9,28.7,42.3,0.0,273.7,47649de1-color.png,
429.5,78.8,406.7,64.1,44.2,28.7,0.0,162.1,47649de1-color.png,
361.5,80.0,344.0,65.4,36.5,31.8,0.0,323.8,04f3656c-color.png,
361.5,140.2,346.8,116.5,29.5,40.3,0.0,64.8,04f3656c-color.png,
362.1,193.7,344.5,176.9,37.3,32.6,0.0,216.2,04f3656c-color.png,
429.5,193.1,407.8,177.8,43.1,29.5,0.0,190.0,04f3656c-color.png,
429.5,135.9,414.6,114.7,29.7,43.1,0.0,249.4,04f3656c-color.png,
429.5,77.6,414.0,58.2,28.7,42.0,0.0,110.8,04f3656c-color.png,
360.3,79.5,346.5,61.8,28.5,39.6,0.0,276.0,f789f7cb-color.png,
360.9,137.1,343.2,121.7,38.3,30.9,0.0,33.2,f789f7cb-color.png,
362.4,194.1,346.3,173.0,32.0,40.2,0.0,233.6,f789f7cb-color.png,
429.7,193.9,408.6,178.6,42.3,29.3,0.0,151.6,f789f7cb-color.png,
430.7,135.9,413.1,116.0,34.0,39.4,0.0,229.4,f789f7cb-color.png,
430.3,78.7,415.5,57.0,28.6,44.4,0.0,89.4,f789f7cb-color.png,
360.5,79.1,346.8,59.5,28.3,41.7,0.0,247.3,5a8da514-color.png,
360.3,136.5,340.8,122.9,41.2,28.4,0.0,0.6,5a8da514-color.png,
362.7,194.9,342.9,178.9,40.8,29.8,0.0,198.2,5a8da514-color.png,
430.1,192.5,413.7,171.8,30.6,40.5,0.0,122.3,5a8da514-color.png,
429.0,135.6,407.9,120.8,43.1,30.2,0.0,196.4,5a8da514-color.png,
430.7,78.2,415.3,58.9,28.5,43.1,0.0,70.7,5a8da514-color.png,
360.9,78.8,343.4,61.7,35.2,36.8,0.0,226.3,e8063e46-color.png,
360.5,137.5,339.7,122.4,42.6,29.2,0.0,350.4,e8063e46-color.png,
363.3,194.3,341.6,179.8,42.9,28.6,0.0,185.0,e8063e46-color.png,
430.1,193.1,414.6,171.1,29.9,43.3,0.0,96.5,e8063e46-color.png,
430.1,135.9,407.8,121.7,43.5,29.2,0.0,163.2,e8063e46-color.png,
429.2,78.3,414.9,58.4,29.3,42.5,0.0,59.9,e8063e46-color.png,
363.0,193.9,341.3,179.6,41.9,28.7,0.0,160.1,7eb1d29b-color.png,
360.3,136.5,342.8,119.9,36.7,34.1,0.0,320.8,7eb1d29b-color.png,
361.5,78.8,343.5,63.5,34.6,35.0,0.0,225.5,7eb1d29b-color.png,
429.5,79.4,414.7,58.4,29.7,42.5,0.0,62.5,7eb1d29b-color.png,
430.5,136.5,412.7,116.3,33.8,39.0,0.0,127.8,7eb1d29b-color.png,
429.6,192.4,413.5,171.8,30.6,40.6,0.0,121.8,7eb1d29b-color.png,
359.7,137.3,343.1,119.6,36.3,34.4,0.0,321.8,a6f2e215-color.png,
360.9,195.5,345.0,175.2,34.0,36.3,0.0,129.0,a6f2e215-color.png,
429.5,193.1,414.4,171.2,28.9,43.0,0.0,94.8,a6f2e215-color.png,
429.5,135.9,414.9,113.6,28.4,43.8,0.0,90.0,a6f2e215-color.png,
428.2,79.9,407.0,65.1,43.4,30.0,0.0,17.5,a6f2e215-color.png,
360.3,78.2,346.6,59.5,27.2,40.9,0.0,246.2,a6f2e215-color.png,
361.5,191.9,348.0,171.7,28.1,43.3,0.0,103.9,e2ad11c8-color.png,
360.3,135.9,344.2,119.0,35.8,34.1,0.0,322.6,e2ad11c8-color.png,
361.5,78.2,347.7,58.9,28.4,42.4,0.0,284.1,e2ad11c8-color.png,
429.5,78.2,407.8,65.3,43.0,28.9,0.0,339.7,e2ad11c8-color.png,
430.1,136.5,414.6,114.0,29.6,43.8,0.0,85.2,e2ad11c8-color.png,
429.9,192.4,415.5,170.9,28.7,42.3,0.0,69.0,e2ad11c8-color.png,
362.7,193.7,347.3,171.6,28.9,42.0,0.0,112.5,49e44369-color.png,
430.1,192.5,414.7,171.0,29.5,42.6,0.0,69.6,49e44369-color.png,
429.5,136.5,415.8,115.0,30.6,41.2,0.0,58.0,49e44369-color.png,
361.4,136.2,342.6,119.5,37.8,33.9,0.0,320.4,49e44369-color.png,
361.3,78.7,347.5,57.9,28.5,42.6,0.0,285.4,49e44369-color.png,
430.1,77.6,408.2,65.6,43.0,29.2,90.9,335.4,49e44369-color.png,
362.7,194.3,347.6,172.4,29.6,43.0,0.0,87.4,bbd88e30-color.png,
359.9,137.5,342.4,120.5,37.1,32.8,0.0,324.8,bbd88e30-color.png,
359.1,80.0,345.6,58.9,28.6,42.4,0.0,259.5,bbd88e30-color.png,
427.1,77.6,411.5,57.3,29.6,41.8,0.0,292.8,bbd88e30-color.png,
429.5,135.3,414.7,113.8,30.4,41.5,0.0,57.9,bbd88e30-color.png,
430.3,192.2,416.3,169.8,28.9,42.4,0.0,70.3,bbd88e30-color.png,
362.1,194.3,347.2,172.6,28.9,42.4,0.0,86.7,d38ea15e-color.png,
361.5,137.7,344.9,118.2,33.1,37.8,0.0,310.7,d38ea15e-color.png,
360.3,78.2,345.9,59.7,28.3,40.9,0.0,246.2,d38ea15e-color.png,
428.3,77.6,413.1,57.3,28.2,42.4,0.0,261.8,d38ea15e-color.png,
429.5,135.9,415.0,113.2,30.5,42.1,0.0,58.1,d38ea15e-color.png,
431.9,192.5,409.8,177.5,43.3,29.0,0.0,26.7,d38ea15e-color.png,
360.8,193.8,347.5,172.6,28.8,42.6,0.0,84.2,a12a596c-color.png,
361.5,137.1,344.8,118.7,33.5,37.0,0.0,309.4,a12a596c-color.png,
360.3,79.4,345.8,58.6,27.9,42.2,0.0,244.2,a12a596c-color.png,
426.5,77.6,412.1,59.7,29.9,39.1,0.0,304.6,a12a596c-color.png,
429.5,135.3,407.9,120.7,42.5,29.1,0.0,25.7,a12a596c-color.png,
431.3,192.5,409.8,177.2,42.3,29.2,0.0,23.8,a12a596c-color.png,
350.1,187.7,336.5,165.3,28.9,42.8,0.0,82.1,291c88b4-color.png,
351.3,129.9,336.1,110.9,32.2,37.7,0.0,306.5,291c88b4-color.png,
353.1,72.2,336.6,55.6,31.6,37.0,0.0,231.8,291c88b4-color.png,
420.5,75.2,399.4,60.8,42.3,28.3,0.0,338.2,291c88b4-color.png,
420.3,187.4,399.1,173.0,42.7,28.6,0.0,19.6,291c88b4-color.png,
419.8,131.1,398.6,115.6,42.4,29.9,0.0,22.1,291c88b4-color.png,
349.6,187.8,336.8,165.8,27.3,43.0,0.0,83.8,2c073c5b-color.png,
351.9,130.5,337.4,108.8,28.6,43.1,0.0,275.0,2c073c5b-color.png,
350.7,72.8,336.3,53.4,29.1,41.6,0.0,271.6,2c073c5b-color.png,
420.5,74.6,404.3,54.7,30.5,41.2,0.0,300.8,2c073c5b-color.png,
421.1,131.7,398.8,116.5,42.9,29.8,0.0,349.8,2c073c5b-color.png,
419.3,188.9,398.2,173.9,43.1,28.4,0.0,0.0,2c073c5b-color.png,
351.3,187.7,335.4,167.8,33.1,38.4,0.0,54.1,5cacee7d-color.png,
351.8,131.4,336.7,109.4,29.5,42.2,0.0,278.3,5cacee7d-color.png,
351.7,72.9,336.9,52.8,29.3,42.1,0.0,268.5,5cacee7d-color.png,
418.8,73.3,404.6,56.0,29.7,39.3,0.0,298.2,5cacee7d-color.png,
418.7,130.8,404.3,110.1,29.4,41.0,0.0,301.3,5cacee7d-color.png,
418.9,188.4,400.5,170.7,38.9,34.4,0.0,325.4,5cacee7d-color.png,
350.1,187.7,334.9,167.8,32.3,38.6,0.0,53.0,42f1d5fe-color.png,
350.7,129.3,337.6,109.0,29.2,42.5,0.0,277.6,42f1d5fe-color.png,
350.7,72.2,337.0,53.3,28.3,41.8,0.0,270.0,42f1d5fe-color.png,
418.6,73.4,395.2,51.7,48.1,46.9,0.0,318.5,42f1d5fe-color.png,
418.0,130.5,404.2,111.1,29.1,40.2,0.0,300.3,42f1d5fe-color.png,
419.2,187.1,401.4,170.6,36.7,34.9,0.0,319.8,42f1d5fe-color.png,
350.7,190.1,332.1,174.8,40.0,29.9,0.0,29.4,71f023c4-color.png,
349.5,132.9,334.9,112.1,28.6,42.5,0.0,259.7,71f023c4-color.png,
347.1,76.4,329.3,59.7,36.4,34.6,0.0,220.8,71f023c4-color.png,
415.0,74.0,398.0,58.8,36.3,33.0,0.0,317.7,71f023c4-color.png,
416.8,131.7,396.7,116.0,41.4,30.1,0.0,334.2,71f023c4-color.png,
419.8,188.3,400.9,171.2,38.6,33.4,0.0,325.1,71f023c4-color.png,
353.1,189.5,332.1,174.4,40.5,30.1,0.0,32.7,ed54ad54-color.png,
418.7,188.3,405.4,165.8,28.8,42.9,0.0,293.4,ed54ad54-color.png,
417.3,131.9,396.9,116.4,41.1,28.9,0.0,334.1,ed54ad54-color.png,
415.0,75.2,393.6,61.0,43.3,28.2,0.0,2.3,ed54ad54-color.png,
348.6,134.0,334.8,113.2,28.5,40.0,0.0,298.7,ed54ad54-color.png,
346.7,76.4,328.8,60.2,36.3,34.2,0.0,224.0,ed54ad54-color.png,
351.3,190.1,330.2,175.9,42.6,28.1,0.0,14.4,087dcfd7-color.png,
420.2,187.4,405.5,166.1,29.0,42.3,0.0,290.4,087dcfd7-color.png,
417.3,131.0,395.7,116.1,42.4,29.2,0.0,340.9,087dcfd7-color.png,
414.7,74.8,393.3,60.7,43.0,30.2,0.0,16.6,087dcfd7-color.png,
348.9,133.6,333.6,112.6,29.6,41.0,0.0,297.3,087dcfd7-color.png,
348.1,76.0,326.0,62.8,43.1,28.9,0.0,197.0,087dcfd7-color.png,
344.5,155.0,331.3,132.9,27.8,43.0,0.0,72.6,63d46396-color.png,
405.1,89.0,385.0,73.6,39.8,31.7,0.0,213.9,63d46396-color.png,
460.5,159.6,443.2,138.5,31.2,41.1,0.0,123.1,63d46396-color.png,
340.6,159.6,327.2,136.8,28.9,43.1,0.0,69.7,3dd1549b-color.png,
402.7,94.9,388.3,73.7,29.2,42.0,0.0,107.9,3dd1549b-color.png,
457.9,164.7,440.9,143.4,28.9,40.9,0.0,124.4,3dd1549b-color.png,
344.9,159.1,331.5,136.5,28.7,42.8,0.0,70.5,9909ef8a-color.png,
405.1,93.7,378.5,71.0,53.0,46.4,61.1,27.5,9909ef8a-color.png,
459.9,161.1,444.0,139.1,28.7,43.0,0.0,69.9,9909ef8a-color.png,
346.0,158.6,331.2,136.7,29.8,43.0,0.0,72.5,95807991-color.png,
403.7,162.3,377.4,135.9,50.5,52.4,320.6,130.5,95807991-color.png,
459.9,161.3,444.5,138.8,29.8,43.0,0.0,70.1,95807991-color.png,
405.9,93.0,381.0,74.2,49.4,38.6,282.6,341.9,95807991-color.png,
405.0,89.8,387.9,67.8,33.5,45.9,5.1,80.8,4ba3108b-color.png,
463.3,91.6,444.5,69.7,33.5,45.9,5.1,258.5,4ba3108b-color.png,
459.9,161.6,436.8,145.6,43.5,30.5,268.9,5.6,4ba3108b-color.png,
343.4,155.6,319.0,133.3,51.0,43.6,291.9,149.3,4ba3108b-color.png,
340.7,188.6,317.0,169.6,49.2,38.1,281.8,165.6,cc926018-color.png,
455.7,196.1,430.2,176.2,50.7,39.8,284.1,342.4,cc926018-color.png,
462.5,92.9,445.0,70.9,32.7,45.8,3.9,261.1,cc926018-color.png,
348.6,88.2,322.3,62.2,51.7,52.1,316.2,126.7,cc926018-color.png,
348.4,81.8,322.7,56.4,50.8,51.9,318.6,129.4,043033e6-color.png,
345.4,183.2,322.7,165.4,46.0,34.2,276.2,356.2,043033e6-color.png,
460.8,187.3,442.5,163.5,34.5,46.1,6.6,84.2,043033e6-color.png,
463.8,85.1,435.5,59.7,53.7,50.3,54.1,35.2,043033e6-color.png,
348.6,81.9,322.6,56.9,51.6,51.2,133.7,129.8,0bba039a-color.png,
404.4,117.5,377.8,91.8,52.3,50.8,49.5,40.8,0bba039a-color.png,
345.6,183.4,323.8,166.9,44.8,31.1,91.7,357.6,0bba039a-color.png,
461.4,186.3,442.7,162.4,34.5,46.5,6.6,84.0,0bba039a-color.png,
344.8,146.3,322.8,128.9,46.2,33.6,95.3,351.3,7e28f0bc-color.png,
405.5,118.5,380.8,92.4,50.1,51.2,221.3,53.9,7e28f0bc-color.png,
460.9,156.2,433.3,130.8,51.3,50.0,130.7,139.4,7e28f0bc-color.png,
379.5,82.2,354.0,57.4,51.9,50.6,228.9,32.8,7e28f0bc-color.png,
345.6,147.2,323.5,129.6,45.8,34.8,277.1,352.1,a9e60257-color.png,
404.4,118.7,382.5,102.4,44.2,31.7,267.4,14.6,a9e60257-color.png,
461.8,155.7,434.1,130.8,51.3,49.8,310.1,141.3,a9e60257-color.png,
379.4,82.6,360.8,58.2,39.1,49.2,193.6,73.1,a9e60257-color.png,
345.6,147.6,323.5,129.6,46.5,34.9,277.1,351.8,e4c28046-color.png,
379.0,82.3,358.1,56.7,40.2,50.9,194.8,72.5,e4c28046-color.png,
464.8,80.8,441.8,67.0,47.6,29.9,269.9,0.6,e4c28046-color.png,
461.7,154.8,434.1,132.2,50.6,45.2,296.5,140.0,e4c28046-color.png,
372.4,158.5,346.3,135.2,53.0,44.8,292.7,331.8,ec2eb8df-color.png,
405.1,93.0,379.8,65.9,50.9,53.9,217.1,53.9,ec2eb8df-color.png,
491.4,96.5,468.0,81.1,46.8,32.5,273.5,353.3,ec2eb8df-color.png,
487.5,164.3,460.0,136.2,52.4,53.3,222.5,48.5,ec2eb8df-color.png,
404.8,91.6,381.5,76.1,46.8,32.5,273.5,182.4,ab3cd640-color.png,
372.8,159.1,354.7,134.5,36.9,49.4,350.4,281.0,ab3cd640-color.png,
488.6,164.1,460.7,139.9,54.0,50.4,305.5,142.3,ab3cd640-color.png,
490.8,94.8,473.2,72.2,32.4,46.7,356.6,270.6,ab3cd640-color.png,
404.8,90.8,381.7,76.9,45.2,29.9,90.2,179.8,60412b25-color.png,
370.9,159.0,344.2,135.9,53.0,44.7,67.6,195.6,60412b25-color.png,
430.4,127.2,408.4,112.1,45.2,29.9,90.2,2.2,60412b25-color.png,
427.3,196.0,411.6,170.9,32.4,46.7,356.6,279.1,60412b25-color.png,
487.8,164.9,460.3,138.8,53.1,52.6,313.7,308.4,60412b25-color.png,
461.8,93.9,436.2,72.6,51.9,41.9,72.6,16.9,60412b25-color.png,
374.2,121.8,352.0,107.7,45.2,29.9,90.2,186.0,1b70d76b-color.png,
370.1,189.1,348.4,173.6,44.3,29.9,90.2,359.3,1b70d76b-color.png,
428.1,194.1,412.4,170.5,32.5,46.1,184.1,81.2,1b70d76b-color.png,
435.1,91.6,418.0,68.4,32.8,46.2,184.1,85.4,1b70d76b-color.png,
492.2,94.8,467.4,76.2,50.3,37.4,79.8,13.9,1b70d76b-color.png,
487.6,162.2,461.0,137.4,53.2,50.0,125.9,312.2,1b70d76b-color.png,
374.2,123.2,349.8,96.8,48.1,52.6,149.6,122.8,8f501e6b-color.png,
371.9,189.9,349.6,164.3,43.7,51.1,159.4,293.6,8f501e6b-color.png,
428.9,194.0,412.1,171.2,32.8,45.6,184.1,82.3,8f501e6b-color.png,
433.3,91.6,406.3,67.0,52.5,51.4,131.7,314.5,8f501e6b-color.png,
492.1,92.7,468.7,68.6,43.3,50.9,160.2,290.9,8f501e6b-color.png,
488.9,161.0,468.1,136.3,39.0,49.7,193.2,250.2,8f501e6b-color.png,
374.6,123.1,349.0,97.3,49.2,52.8,146.7,123.7,0ff35cbe-color.png,
371.7,190.5,349.6,164.3,43.7,51.1,159.4,295.7,0ff35cbe-color.png,
429.0,194.3,413.0,171.7,32.2,44.2,182.2,83.1,0ff35cbe-color.png,
489.1,161.5,465.9,135.5,42.7,51.5,197.9,249.1,0ff35cbe-color.png,
491.6,92.5,466.3,68.0,46.6,52.5,153.7,289.8,0ff35cbe-color.png,
433.8,91.9,406.7,65.5,53.2,53.0,225.5,51.3,0ff35cbe-color.png,
363.0,158.4,336.6,130.3,51.8,55.2,216.2,58.4,b9fceb28-color.png,
370.8,228.7,344.4,201.8,54.1,54.2,224.8,227.7,b9fceb28-color.png,
430.4,220.9,411.8,195.8,37.6,50.4,189.3,79.1,b9fceb28-color.png,
419.0,112.0,391.6,85.7,58.1,52.1,238.2,216.3,b9fceb28-color.png,
479.0,105.4,454.1,74.3,53.2,59.7,210.3,61.6,b9fceb28-color.png,
419.2,113.1,391.9,87.3,57.0,51.3,240.3,213.8,a2e293ac-color.png,
479.4,103.5,453.5,74.4,53.5,59.7,211.0,58.1,a2e293ac-color.png,
362.1,159.4,336.8,131.0,51.9,55.1,216.5,58.3,a2e293ac-color.png,
371.1,228.6,343.5,200.6,54.1,54.2,224.8,227.5,a2e293ac-color.png,
429.5,220.8,411.4,195.7,38.6,49.7,191.0,76.7,a2e293ac-color.png,
370.5,228.3,343.5,200.6,54.1,54.2,224.8,230.9,0dbbf327-color.png,
429.9,221.6,411.4,195.7,38.6,49.7,191.0,77.8,0dbbf327-color.png,
362.7,158.7,336.8,131.0,51.9,55.1,216.5,57.4,0dbbf327-color.png,
419.4,112.8,391.9,87.3,57.0,51.3,240.3,213.8,0dbbf327-color.png,
480.0,104.5,453.5,74.4,53.5,59.7,211.0,61.4,0dbbf327-color.png,
368.8,231.1,343.7,202.9,50.3,55.5,211.0,229.4,511d7008-color.png,
426.9,221.0,409.4,196.9,36.2,48.5,187.1,78.9,511d7008-color.png,
357.3,161.6,331.8,133.4,51.1,56.4,211.0,61.5,511d7008-color.png,
411.7,113.6,383.8,86.2,57.5,53.1,236.4,216.8,511d7008-color.png,
471.7,103.3,447.0,72.8,50.4,59.3,205.0,65.6,511d7008-color.png,
471.8,102.8,446.9,73.2,50.6,58.8,205.1,62.9,2be783c8-color.png,
368.6,231.3,343.7,202.9,50.3,55.5,211.0,231.9,2be783c8-color.png,
427.4,221.1,409.4,196.9,36.2,48.5,187.1,81.6,2be783c8-color.png,
357.1,161.8,332.4,133.3,50.1,56.4,209.2,59.5,2be783c8-color.png,
411.4,114.3,383.8,86.2,58.1,54.3,234.5,215.6,2be783c8-color.png,
471.2,103.2,446.9,73.2,50.6,58.8,205.1,63.7,35f47be5-color.png,
411.7,114.1,383.8,86.2,58.1,54.3,234.5,217.3,35f47be5-color.png,
356.7,162.0,332.4,133.3,50.1,56.4,209.2,60.8,35f47be5-color.png,
368.4,231.4,343.7,202.9,50.3,55.5,211.0,230.8,35f47be5-color.png,
426.5,221.2,409.4,196.9,36.2,48.5,187.1,79.2,35f47be5-color.png,
361.1,127.3,341.7,101.5,38.8,50.3,346.4,291.8,d96bca7a-color.png,
366.3,66.4,339.0,39.8,51.4,55.2,215.1,53.8,d96bca7a-color.png,
434.2,70.1,407.0,47.5,53.6,47.0,295.8,331.3,d96bca7a-color.png,
465.8,131.3,440.6,111.8,49.8,38.8,258.8,12.1,d96bca7a-color.png,
463.5,191.0,440.0,172.6,48.0,35.2,263.1,189.3,d96bca7a-color.png,
365.5,67.5,339.0,39.8,51.4,55.2,215.1,55.7,ca8fd5c6-color.png,
433.6,71.0,407.0,47.5,53.6,47.0,295.8,333.7,ca8fd5c6-color.png,
397.3,129.5,373.3,112.4,46.6,34.2,265.2,10.4,ca8fd5c6-color.png,
466.1,131.4,440.6,111.8,49.8,38.8,258.8,12.7,ca8fd5c6-color.png,
395.2,187.1,367.4,161.3,53.8,51.0,306.7,146.5,ca8fd5c6-color.png,
464.0,191.1,440.0,172.6,48.0,35.2,263.1,189.1,ca8fd5c6-color.png,
417.8,53.0,389.3,25.8,54.4,53.8,226.8,47.3,c63095ae-color.png,
414.7,112.4,390.6,95.8,45.5,33.0,266.9,9.0,c63095ae-color.png,
410.2,170.1,383.1,144.2,52.9,51.1,309.3,145.3,c63095ae-color.png,
479.5,174.1,456.3,158.3,44.4,32.2,267.9,190.4,c63095ae-color.png,
482.3,114.8,458.2,97.5,46.7,34.7,264.5,13.2,c63095ae-color.png,
485.4,58.1,466.1,31.6,39.1,51.0,191.4,79.2,c63095ae-color.png,
417.2,51.7,392.7,32.8,48.2,37.3,279.2,169.0,cf205ea6-color.png,
413.4,112.6,394.2,86.4,36.4,49.4,170.8,278.6,cf205ea6-color.png,
410.3,168.4,391.1,144.8,37.9,49.0,191.9,78.7,cf205ea6-color.png,
480.1,173.3,460.0,147.8,38.6,50.6,192.5,249.7,cf205ea6-color.png,
488.1,115.1,464.7,99.2,44.4,32.2,267.9,10.0,cf205ea6-color.png,
488.1,56.6,462.0,37.0,49.8,40.1,283.5,164.7,cf205ea6-color.png,
417.8,51.7,392.4,31.5,50.0,39.4,282.2,169.1,8c81f790-color.png,
415.3,110.3,390.4,95.4,45.4,32.4,267.8,6.1,8c81f790-color.png,
482.1,116.0,457.1,89.1,48.5,54.0,210.4,56.2,8c81f790-color.png,
487.2,56.4,461.4,36.6,50.8,41.4,285.5,164.3,8c81f790-color.png,
410.5,167.8,390.8,144.9,37.8,49.4,191.2,78.5,8c81f790-color.png,
479.5,172.9,455.0,156.6,45.4,32.8,272.8,353.5,8c81f790-color.png,
345.5,94.0,322.5,77.1,45.9,31.7,269.8,3.5,11cc29f2-color.png,
342.4,167.3,326.2,142.8,32.4,47.5,183.5,86.5,11cc29f2-color.png,
402.9,167.3,375.5,142.6,55.2,49.5,298.5,328.6,11cc29f2-color.png,
405.7,95.0,377.7,66.6,54.3,55.7,319.2,307.8,11cc29f2-color.png,
468.7,95.4,449.7,69.8,34.5,50.9,185.9,84.8,11cc29f2-color.png,
465.0,169.0,444.8,143.6,37.4,49.8,351.3,105.9,11cc29f2-color.png,
345.9,92.7,329.7,68.7,31.8,47.6,358.8,270.5,4468b4a9-color.png,
342.3,166.8,326.2,142.8,32.4,47.5,183.5,87.3,4468b4a9-color.png,
403.0,169.3,374.8,141.4,56.2,53.5,232.2,39.0,4468b4a9-color.png,
405.7,94.9,378.4,66.4,53.7,56.2,321.7,309.8,4468b4a9-color.png,
468.3,96.4,439.1,71.0,55.8,50.3,239.2,37.8,4468b4a9-color.png,
464.9,169.5,444.8,143.6,37.4,49.8,351.3,104.0,4468b4a9-color.png,
344.6,56.1,319.3,28.6,51.0,56.1,212.3,246.8,fc1715f8-color.png,
342.7,167.3,326.9,143.2,31.0,46.6,181.6,87.5,fc1715f8-color.png,
403.6,168.4,374.8,140.9,56.9,54.0,232.2,37.9,fc1715f8-color.png,
466.1,168.4,445.5,142.4,36.4,51.0,172.6,106.4,fc1715f8-color.png,
468.6,56.5,438.2,28.7,58.0,55.0,232.2,39.2,fc1715f8-color.png,
405.5,57.4,381.7,40.0,49.0,35.1,274.4,355.2,fc1715f8-color.png,
370.4,55.0,348.9,28.3,42.7,54.8,195.9,253.6,646a9f06-color.png,
369.0,130.3,353.4,106.1,31.7,47.5,181.4,86.8,646a9f06-color.png,
430.4,129.3,401.5,103.1,56.1,53.1,232.2,36.5,646a9f06-color.png,
492.5,129.3,463.0,104.8,58.1,48.1,68.5,23.3,646a9f06-color.png,
495.2,55.6,463.8,27.6,58.8,55.5,232.2,34.8,646a9f06-color.png,
431.3,55.8,407.6,27.7,45.8,55.7,161.3,287.6,646a9f06-color.png,
390.8,46.4,367.5,31.5,45.7,31.4,90.0,2.3,e613dbf0-color.png,
390.6,109.1,362.4,81.5,54.7,54.3,134.0,305.9,e613dbf0-color.png,
390.2,170.6,370.1,144.8,40.3,51.8,166.8,288.3,e613dbf0-color.png,
462.2,171.0,435.9,143.2,51.2,55.7,147.4,302.1,e613dbf0-color.png,
463.2,107.5,435.3,85.7,54.2,43.6,73.2,201.9,e613dbf0-color.png,
463.8,45.8,435.2,24.9,55.2,43.7,106.3,167.4,e613dbf0-color.png,
393.6,130.6,365.2,103.5,55.3,53.2,50.8,213.7,65e6752e-color.png,
394.5,57.3,366.5,34.7,54.4,46.1,68.0,204.1,65e6752e-color.png,
456.5,56.0,427.5,29.6,55.6,53.5,50.8,216.9,65e6752e-color.png,
455.8,130.8,432.1,102.5,46.5,55.7,158.1,107.6,65e6752e-color.png,
517.3,128.4,494.3,101.1,42.3,54.0,14.5,80.7,65e6752e-color.png,
519.1,53.8,492.9,27.9,48.9,55.2,152.4,303.5,65e6752e-color.png,
422.6,59.7,393.2,38.0,55.4,45.9,110.9,333.8,5e255ec4-color.png,
423.5,122.6,403.1,96.0,39.7,52.6,168.8,281.8,5e255ec4-color.png,
425.0,184.0,405.5,159.2,38.2,50.6,170.5,281.6,5e255ec4-color.png,
499.4,181.0,470.7,153.2,56.1,54.6,228.6,218.2,5e255ec4-color.png,
499.1,119.6,478.3,94.3,37.0,51.1,187.6,86.2,5e255ec4-color.png,
497.6,56.4,468.9,28.8,54.9,57.4,141.9,133.3,5e255ec4-color.png,
395.4,193.3,372.1,176.4,46.6,31.8,89.0,178.5,46374b36-color.png,
395.0,120.3,367.4,96.6,54.4,46.2,67.6,207.0,46374b36-color.png,
456.7,118.7,432.5,102.3,48.0,31.9,89.0,185.8,46374b36-color.png,
454.2,191.9,429.6,172.8,50.7,38.4,99.8,346.7,46374b36-color.png,
515.1,192.3,489.6,163.8,53.1,56.0,37.5,51.0,46374b36-color.png,
518.3,118.6,500.9,93.4,34.5,48.5,356.7,274.1,46374b36-color.png,
396.8,189.5,375.1,162.7,42.8,53.4,17.6,253.0,d8d102e4-color.png,
455.5,190.9,428.6,167.7,54.6,46.1,70.1,24.9,d8d102e4-color.png,
459.6,116.6,431.3,90.0,55.9,54.3,130.6,140.9,d8d102e4-color.png,
397.0,117.2,369.8,90.9,54.9,53.2,130.6,138.2,d8d102e4-color.png,
519.9,117.4,492.2,89.7,55.6,55.6,135.0,309.9,d8d102e4-color.png,
517.5,191.7,496.7,165.5,41.8,52.5,167.1,103.0,d8d102e4-color.png,
519.4,116.1,493.7,87.0,51.0,58.2,27.3,243.2,84a0f573-color.png,
457.9,117.3,430.1,93.7,55.4,45.7,71.4,24.0,84a0f573-color.png,
396.6,114.2,368.4,87.3,57.5,53.8,54.7,35.0,84a0f573-color.png,
393.6,188.1,370.9,171.7,46.7,32.8,89.3,178.9,84a0f573-color.png,
454.1,188.4,426.2,161.8,56.5,53.7,127.2,326.5,84a0f573-color.png,
516.0,190.9,488.2,166.2,56.5,50.0,116.8,156.4,84a0f573-color.png,
429.1,78.0,401.2,53.3,56.1,50.1,117.7,149.3,0d94c8b4-color.png,
455.8,152.8,427.6,124.9,56.2,54.8,131.2,317.9,0d94c8b4-color.png,
490.3,117.0,470.6,91.1,38.6,52.2,187.9,82.9,0d94c8b4-color.png,
395.0,189.1,370.2,170.0,48.6,36.5,96.8,168.1,0d94c8b4-color.png,
516.3,191.3,488.4,166.5,56.0,49.7,116.9,157.2,0d94c8b4-color.png,
453.9,154.6,425.4,126.0,56.2,54.8,131.2,318.7,9a580d48-color.png,
488.9,119.1,469.3,92.7,38.6,52.2,187.9,78.6,9a580d48-color.png,
429.1,77.2,401.1,52.2,56.1,50.1,117.7,149.6,9a580d48-color.png,
418.2,82.0,389.5,57.3,56.1,50.1,117.7,156.7,5f430915-color.png,
450.8,154.6,427.2,138.1,47.6,34.0,87.8,182.5,5f430915-color.png,
481.0,117.0,453.5,95.2,54.3,43.4,75.1,17.1,5f430915-color.png,
421.3,191.3,399.3,165.0,43.9,53.8,162.5,105.5,5f430915-color.png,
419.4,187.0,394.8,159.6,49.7,55.6,152.6,114.3,71a6769b-color.png,
450.6,151.2,424.1,127.3,55.5,49.5,116.9,148.6,71a6769b-color.png,
484.8,115.2,456.1,86.9,55.2,57.1,140.0,307.7,71a6769b-color.png,
517.7,79.4,489.0,49.5,56.2,58.7,39.1,57.0,71a6769b-color.png,
379.3,80.0,355.4,64.0,47.1,33.0,89.4,359.4,738b674b-color.png,
409.4,189.1,385.3,162.0,49.1,55.0,150.9,117.3,738b674b-color.png,
471.8,153.0,443.5,126.8,55.7,51.9,124.0,144.1,738b674b-color.png,
378.8,78.5,350.9,49.9,55.6,56.5,42.6,54.1,f8618ac0-color.png,
377.4,187.3,350.7,163.5,54.8,48.0,63.1,27.6,f8618ac0-color.png,
469.7,151.1,449.1,124.3,40.9,52.5,167.4,100.2,f8618ac0-color.png,
440.1,76.9,411.3,48.6,57.4,54.9,128.1,144.1,f8618ac0-color.png,
379.7,77.2,351.7,48.9,54.2,56.3,320.5,133.2,a67a8b64-color.png,
439.8,75.4,420.6,49.5,37.5,51.6,352.5,95.7,a67a8b64-color.png,
502.8,69.3,474.3,41.5,57.1,56.9,134.4,314.7,a67a8b64-color.png,
470.4,149.7,450.3,124.1,40.5,52.0,346.9,104.5,a67a8b64-color.png,
439.7,186.6,419.5,160.9,40.4,51.7,346.9,282.2,a67a8b64-color.png,
378.7,187.0,356.1,159.7,45.5,54.3,339.9,292.4,a67a8b64-color.png,
353.25,73.55000305175781,334.0,54.599998474121094,38.5,37.900001525878906,,41.9,2659ffa5-color_aug_1.png,0.0
354.1499938964844,129.75,334.0,111.69999694824219,40.29999923706055,36.099998474121094,,136.1,2659ffa5-color_aug_1.png,0.0
354.75,187.75,340.0,165.8000030517578,29.5,43.900001525878906,,263.3,2659ffa5-color_aug_1.png,0.0
421.54998779296875,185.64999389648438,406.79998779296875,164.60000610351562,29.5,42.099998474121094,,115.1,2659ffa5-color_aug_1.png,0.0
421.8500061035156,128.5500030517578,401.3999938964844,111.69999694824219,40.900001525878906,33.70000076293945,,334.1,2659ffa5-color_aug_1.png,0.0
419.45001220703125,74.1500015258789,405.6000061035156,51.0,27.700000762939453,46.29999923706055,,272.9,2659ffa5-color_aug_1.png,0.0
379.885986328125,59.124000549316406,360.7409973144531,40.388999938964844,38.28900146484375,37.470001220703125,,41.7786,2659ffa5-color_aug_2.png,0.0
381.385986328125,114.48799896240234,361.3089904785156,96.56300354003906,40.15399932861328,35.849998474121094,,135.8944,2659ffa5-color_aug_2.png,0.0
382.62200927734375,171.96099853515625,367.7860107421875,150.1060028076172,29.67300033569336,43.709999084472656,,262.7018,2659ffa5-color_aug_2.png,0.0
448.5539855957031,170.08200073242188,433.7149963378906,149.16400146484375,29.677000045776367,41.834999084472656,,114.3098,2659ffa5-color_aug_2.png,0.0
448.0260009765625,113.62100219726562,427.6889953613281,96.91400146484375,40.67300033569336,33.415000915527344,,334.0914,2659ffa5-color_aug_2.png,0.0
444.9020080566406,60.137001037597656,431.0,37.35200119018555,27.80299949645996,45.57099914550781,,272.0765,2659ffa5-color_aug_2.png,0.0
334.94000244140625,85.64299774169922,313.5039978027344,65.30400085449219,42.87099838256836,40.676998138427734,,37.8141,2659ffa5-color_aug_3.png,0.0
340.0530090332031,141.8159942626953,317.74798583984375,122.31400299072266,44.61000061035156,39.005001068115234,,132.0141,2659ffa5-color_aug_3.png,0.0
344.9880065917969,199.81199645996094,328.010986328125,176.79299926757812,33.95399856567383,46.03799819946289,,259.2141,2659ffa5-color_aug_3.png,0.0
414.3290100097656,192.93600463867188,397.41900634765625,170.81700134277344,33.81999969482422,44.23699951171875,,111.0141,2659ffa5-color_aug_3.png,0.0
410.39801025390625,135.7760009765625,387.8699951171875,117.4530029296875,45.055999755859375,36.645999908447266,,330.0141,2659ffa5-color_aug_3.png,0.0
403.8580017089844,81.51100158691406,387.7279968261719,57.35499954223633,32.25899887084961,48.31100082397461,,268.8141,2659ffa5-color_aug_3.png,0.0
346.0929870605469,82.45800018310547,326.20001220703125,62.875,39.7859992980957,39.16600036621094,,41.9,2659ffa5-color_aug_4.png,0.0
347.02301025390625,140.53500366210938,326.20001220703125,121.88200378417969,41.645999908447266,37.305999755859375,,136.1,2659ffa5-color_aug_4.png,0.0
347.6440124511719,200.4720001220703,332.4010009765625,177.78900146484375,30.485000610351562,45.36600112915039,,263.3,2659ffa5-color_aug_4.png,0.0
416.67498779296875,198.302001953125,401.4320068359375,176.5489959716797,30.485000610351562,43.50600051879883,,115.1,2659ffa5-color_aug_4.png,0.0
416.9849853515625,139.2949981689453,395.85198974609375,121.88200378417969,42.26599884033203,34.82600021362305,,334.1,2659ffa5-color_aug_4.png,0.0
414.5050048828125,83.0780029296875,400.1919860839844,59.154998779296875,28.625,47.84600067138672,,272.9,2659ffa5-color_aug_4.png,0.0
343.65301513671875,76.96900177001953,321.0459899902344,54.71500015258789,45.2130012512207,44.507999420166016,,41.9,2659ffa5-color_aug_5.png,0.0
344.7090148925781,142.96800231933594,321.0459899902344,121.77100372314453,47.32699966430664,42.39400100708008,,136.1,2659ffa5-color_aug_5.png,0.0
345.41400146484375,211.08099365234375,328.0920104980469,185.3040008544922,34.64400100708008,51.55400085449219,,263.3,2659ffa5-color_aug_5.png,0.0
423.8609924316406,208.61500549316406,406.5400085449219,183.8939971923828,34.64400100708008,49.441001892089844,,115.1,2659ffa5-color_aug_5.png,0.0
424.2139892578125,141.5590057373047,400.197998046875,121.77100372314453,48.03099822998047,39.57600021362305,,334.1,2659ffa5-color_aug_5.png,0.0
421.3949890136719,77.67400360107422,405.1300048828125,50.48699951171875,32.529998779296875,54.37300109863281,,272.9,2659ffa5-color_aug_5.png,0.0
339.0,154.39999389648438,324.20001220703125,132.39999389648438,29.600000381469727,44.0,,260.8,dd60aa44-color_aug_1.png,0.0
405.3500061035156,153.4499969482422,389.3999938964844,133.0,31.899999618530273,40.900001525878906,,115.8,dd60aa44-color_aug_1.png,0.0
405.54998779296875,97.1500015258789,386.1000061035156,81.30000305175781,38.900001525878906,31.700000762939453,,328.5,dd60aa44-color_aug_1.png,0.0
337.0,97.80000305175781,319.29998779296875,80.9000015258789,35.400001525878906,33.79999923706055,,139.8,dd60aa44-color_aug_1.png,0.0
336.3500061035156,41.95000076293945,317.70001220703125,23.600000381469727,37.29999923706055,36.70000076293945,,41.5,dd60aa44-color_aug_1.png,0.0
404.54998779296875,41.25,389.79998779296875,19.899999618530273,29.5,42.70000076293945,,284.4,dd60aa44-color_aug_1.png,0.0
338.2539978027344,196.04100036621094,323.02301025390625,173.3990020751953,30.46299934387207,45.284000396728516,,260.8,dd60aa44-color_aug_2.png,0.0
406.5400085449219,195.06300354003906,390.125,174.01600646972656,32.83100128173828,42.09299850463867,,115.8,dd60aa44-color_aug_2.png,0.0
406.7460021972656,137.12100219726562,386.7279968261719,120.80799865722656,40.03499984741211,32.625,,328.5,dd60aa44-color_aug_2.png,0.0
336.1960144042969,137.7899932861328,317.9800109863281,120.39700317382812,36.43299865722656,34.7859992980957,,139.8,dd60aa44-color_aug_2.png,0.0
335.5270080566406,80.30999755859375,316.3330078125,61.42499923706055,38.38800048828125,37.770999908447266,,41.5,dd60aa44-color_aug_2.png,0.0
405.71600341796875,79.58999633789062,390.5360107421875,57.617000579833984,30.361000061035156,43.94599914550781,,284.4,dd60aa44-color_aug_2.png,0.0
355.73699951171875,201.27099609375,343.43701171875,182.98699951171875,24.600000381469727,36.56800079345703,,260.8,dd60aa44-color_aug_3.png,0.0
410.8800048828125,200.48199462890625,397.6239929199219,183.48599243164062,26.511999130249023,33.992000579833984,,115.8,dd60aa44-color_aug_3.png,0.0
411.0459899902344,153.6909942626953,394.8819885253906,140.51800537109375,32.33000183105469,26.34600067138672,,328.5,dd60aa44-color_aug_3.png,0.0
354.07501220703125,154.2310028076172,339.364013671875,140.18600463867188,29.42099952697754,28.090999603271484,,139.8,dd60aa44-color_aug_3.png,0.0
353.5350036621094,107.81500244140625,338.0350036621094,92.56400299072266,31.0,30.500999450683594,,41.5,dd60aa44-color_aug_3.png,0.0
410.2149963378906,107.23300170898438,397.9570007324219,89.48899841308594,24.517000198364258,35.487998962402344,,284.4,dd60aa44-color_aug_3.png,0.0
363.81500244140625,198.78500366210938,348.4150085449219,177.5030059814453,30.799999237060547,42.56399917602539,,263.9902,dd60aa44-color_aug_4.png,0.0
427.62298583984375,201.3470001220703,411.20098876953125,181.4499969482422,32.84400177001953,39.792999267578125,,118.9902,dd60aa44-color_aug_4.png,0.0
430.8299865722656,148.86300659179688,411.2919921875,133.07400512695312,39.07699966430664,31.57900047302246,,331.6902,dd60aa44-color_aug_4.png,0.0
364.92498779296875,145.90699768066406,347.010986328125,129.22900390625,35.82699966430664,33.35499954223633,,142.9902,dd60aa44-color_aug_4.png,0.0
367.2909851074219,93.7979965209961,348.38800048828125,75.71900177001953,37.80799865722656,36.15800094604492,,44.6902,dd60aa44-color_aug_4.png,0.0
432.8630065917969,96.69000244140625,417.5459899902344,76.01599884033203,30.634000778198242,41.34700012207031,,287.5902,dd60aa44-color_aug_4.png,0.0
344.32501220703125,209.46400451660156,329.3080139160156,187.39700317382812,30.034000396728516,44.132999420166016,,260.8487,dd60aa44-color_aug_5.png,0.0
411.7090148925781,208.3209991455078,395.4110107421875,187.70799255371094,32.595001220703125,41.224998474121094,,116.1491,dd60aa44-color_aug_5.png,0.0
411.9939880371094,151.75599670410156,392.1510009765625,135.7169952392578,39.683998107910156,32.077999114990234,,328.6312,dd60aa44-color_aug_5.png,0.0
342.4549865722656,152.86900329589844,324.5419921875,135.8699951171875,35.82500076293945,34.0,,139.9376,dd60aa44-color_aug_5.png,0.0
341.9440002441406,97.14299774169922,323.0889892578125,78.65599822998047,37.70899963378906,36.9739990234375,,40.8946,dd60aa44-color_aug_5.png,0.0
411.0350036621094,95.72699737548828,395.9930114746094,74.19000244140625,30.083999633789062,43.07500076293945,,284.6576,dd60aa44-color_aug_5.png,0.0
358.447998046875,197.86500549316406,345.5419921875,179.7429962158203,25.812000274658203,36.24399948120117,,238.8,26ec68e2-color_aug_1.png,0.0
358.5379943847656,147.77000427246094,345.2720031738281,128.47900390625,26.5310001373291,38.58300018310547,,106.8,26ec68e2-color_aug_1.png,0.0
357.27899169921875,97.18099975585938,338.43701171875,84.2300033569336,37.68299865722656,25.902000427246094,,3.2,26ec68e2-color_aug_1.png,0.0
417.1310119628906,95.6969985961914,403.9110107421875,76.94499969482422,26.44099998474121,37.50299835205078,,270.0,26ec68e2-color_aug_1.png,0.0
418.1210021972656,146.28599548339844,398.5140075683594,132.61599731445312,39.21200180053711,27.340999603271484,,1.6,26ec68e2-color_aug_1.png,0.0
418.07598876953125,197.23500061035156,404.80999755859375,178.84300231933594,26.5310001373291,36.784000396728516,,116.6,26ec68e2-color_aug_1.png,0.0
364.1659851074219,182.4969940185547,349.3739929199219,162.86700439453125,29.58300018310547,39.2599983215332,,237.2495,26ec68e2-color_aug_2.png,0.0
363.6409912109375,129.02200317382812,348.5260009765625,108.32099914550781,30.231000900268555,41.4010009765625,,107.168,26ec68e2-color_aug_2.png,0.0
361.5899963378906,75.63899993896484,340.4320068359375,61.63800048828125,42.316001892089844,28.000999450683594,,4.1853,26ec68e2-color_aug_2.png,0.0
427.89300537109375,75.48600006103516,412.9549865722656,55.65999984741211,29.875999450683594,39.6510009765625,,268.8775,26ec68e2-color_aug_2.png,0.0
430.00201416015625,128.48199462890625,408.0,113.7229995727539,44.00299835205078,29.517000198364258,,2.432,26ec68e2-color_aug_2.png,0.0
431.0320129394531,182.56100463867188,415.8590087890625,162.75799560546875,30.34600067138672,39.60499954223633,,116.8291,26ec68e2-color_aug_2.png,0.0
387.0169982910156,175.93899536132812,372.3900146484375,155.4010009765625,29.253000259399414,41.07600021362305,,238.8,26ec68e2-color_aug_3.png,0.0
387.1189880371094,119.16600036621094,372.0840148925781,97.3030014038086,30.06800079345703,43.72600173950195,,106.8,26ec68e2-color_aug_3.png,0.0
385.6919860839844,61.83300018310547,364.3380126953125,47.154998779296875,42.707000732421875,29.354999542236328,,3.2,26ec68e2-color_aug_3.png,0.0
453.52398681640625,60.1510009765625,438.5400085449219,38.89899826049805,29.965999603271484,42.50299835205078,,270.0,26ec68e2-color_aug_3.png,0.0
454.6449890136719,117.48400115966797,432.42498779296875,101.99199676513672,44.439998626708984,30.986000061035156,,1.6,26ec68e2-color_aug_3.png,0.0
454.593994140625,175.2259979248047,439.55999755859375,154.3820037841797,30.06800079345703,41.6879997253418,,116.6,26ec68e2-color_aug_3.png,0.0
371.4880065917969,223.79299926757812,352.47601318359375,206.2779998779297,38.02299880981445,35.03099822998047,,265.5218,26ec68e2-color_aug_4.png,0.0
393.3299865722656,188.18499755859375,373.5,169.70899963378906,39.65999984741211,36.95199966430664,,133.5218,26ec68e2-color_aug_4.png,0.0
414.2229919433594,151.74200439453125,392.3349914550781,135.77999877929688,43.775001525878906,31.924999237060547,,29.9218,26ec68e2-color_aug_4.png,0.0
466.5220031738281,172.12399291992188,446.9649963378906,154.04800415039062,39.11399841308594,36.152000427246094,,296.7218,26ec68e2-color_aug_4.png,0.0
445.39599609375,208.47000122070312,422.5360107421875,191.7220001220703,45.720001220703125,33.49599838256836,,28.3218,26ec68e2-color_aug_4.png,0.0
423.22198486328125,244.70199584960938,403.7829895019531,226.86599731445312,38.87900161743164,35.67300033569336,,143.3218,26ec68e2-color_aug_4.png,0.0
315.5329895019531,192.7989959716797,299.6300048828125,174.5050048828125,31.805999755859375,36.5880012512207,,228.1851,26ec68e2-color_aug_5.png,0.0
306.4620056152344,148.16900634765625,289.9939880371094,128.7729949951172,32.935001373291016,38.79100036621094,,96.1851,26ec68e2-color_aug_5.png,0.0
295.9849853515625,103.322998046875,275.23699951171875,88.64399719238281,41.49599838256836,29.358999252319336,,352.5851,26ec68e2-color_aug_5.png,0.0
354.1000061035156,92.01100158691406,337.7749938964844,73.10399627685547,32.650001525878906,37.814998626708984,,259.3851,26ec68e2-color_aug_5.png,0.0
364.3139953613281,136.90199279785156,342.6889953613281,121.4540023803711,43.25,30.895000457763672,,350.9851,26ec68e2-color_aug_5.png,0.0
373.5849914550781,182.28599548339844,357.2820129394531,163.6909942626953,32.60599899291992,37.18899917602539,,105.9851,26ec68e2-color_aug_5.png,0.0
366.0369873046875,80.8290023803711,346.885986328125,68.10800170898438,38.301998138427734,25.44300079345703,,357.0904,6f323235-color_aug_1.png,0.0
370.5010070800781,131.0800018310547,357.2130126953125,111.12799835205078,26.57699966430664,39.90399932861328,,103.3929,6f323235-color_aug_1.png,0.0
373.8789978027344,182.32400512695312,360.4620056152344,162.66000366210938,26.833999633789062,39.32699966430664,,232.4123,6f323235-color_aug_1.png,0.0
430.0369873046875,179.61700439453125,412.2590026855469,164.43899536132812,35.555999755859375,30.354999542236328,,133.2627,6f323235-color_aug_1.png,0.0
426.9230041503906,127.76300048828125,408.1449890136719,114.33899688720703,37.555999755859375,26.847999572753906,,23.5109,6f323235-color_aug_1.png,0.0
423.92498779296875,79.42400360107422,411.4330139160156,61.79899978637695,24.982999801635742,35.249000549316406,,252.6209,6f323235-color_aug_1.png,0.0
428.0740051269531,182.71099853515625,407.00201416015625,167.7480010986328,42.14500045776367,29.92799949645996,,25.5736,6f323235-color_aug_2.png,0.0
408.7510070800781,216.4340057373047,390.2619934082031,199.16600036621094,36.97800064086914,34.534000396728516,,134.8736,6f323235-color_aug_2.png,0.0
388.3970031738281,249.83200073242188,370.1510009765625,232.99400329589844,36.492000579833984,33.67499923706055,,260.0736,6f323235-color_aug_2.png,0.0
436.7409973144531,269.4179992675781,416.3840026855469,253.82000732421875,40.7130012512207,31.194000244140625,,165.6736,6f323235-color_aug_2.png,0.0
458.1340026855469,235.74600219726562,437.2900085449219,220.63999938964844,41.6879997253418,30.21299934387207,,50.8736,6f323235-color_aug_2.png,0.0
478.3399963378906,203.75,461.1549987792969,187.9290008544922,34.36899948120117,31.64299964904785,,282.4736,6f323235-color_aug_2.png,0.0
365.95001220703125,104.75,343.8999938964844,90.9000015258789,44.099998474121094,27.700000762939453,,358.3,6f323235-color_aug_3.png,0.0
367.95001220703125,160.5500030517578,353.5,138.89999389648438,28.899999618530273,43.29999923706055,,107.6,6f323235-color_aug_3.png,0.0
368.6000061035156,216.5,354.1000061035156,195.60000610351562,29.0,41.79999923706055,,232.8,6f323235-color_aug_3.png,0.0
434.95001220703125,215.3000030517578,415.0,199.3000030517578,39.900001525878906,32.0,,138.4,6f323235-color_aug_3.png,0.0
435.25,158.39999389648438,413.79998779296875,144.0,42.900001525878906,28.799999237060547,,23.6,6f323235-color_aug_3.png,0.0
435.3999938964844,104.4000015258789,421.70001220703125,84.80000305175781,27.399999618530273,39.20000076293945,,255.2,6f323235-color_aug_3.png,0.0
336.2179870605469,103.74800109863281,315.3559875488281,90.38600158691406,41.7239990234375,26.724000930786133,,358.0704,6f323235-color_aug_4.png,0.0
337.34100341796875,157.58799743652344,323.43701171875,136.59500122070312,27.808000564575195,41.98699951171875,,107.852,6f323235-color_aug_4.png,0.0
337.2080078125,212.0850067138672,323.20098876953125,191.61399841308594,28.014999389648438,40.941001892089844,,234.2523,6f323235-color_aug_4.png,0.0
400.2239990234375,211.00799560546875,381.0989990234375,195.2790069580078,38.25199890136719,31.457000732421875,,137.8206,6f323235-color_aug_4.png,0.0
400.97100830078125,155.42799377441406,380.52801513671875,141.42100524902344,40.8849983215332,28.013999938964844,,24.1716,6f323235-color_aug_4.png,0.0
401.53399658203125,103.21700286865234,388.4540100097656,84.30500030517578,26.15999984741211,37.82500076293945,,255.9211,6f323235-color_aug_4.png,0.0
399.7860107421875,141.75,378.1629943847656,127.00299835205078,43.24700164794922,29.493999481201172,,16.0399,6f323235-color_aug_5.png,0.0
387.4259948730469,181.343994140625,370.09600830078125,162.86199951171875,34.65999984741211,36.9630012512207,,125.3117,6f323235-color_aug_5.png,0.0
373.885986328125,220.8000030517578,356.6960144042969,202.83900451660156,34.38100051879883,35.92100143432617,,249.5919,6f323235-color_aug_5.png,0.0
428.4880065917969,234.7270050048828,408.2120056152344,219.0850067138672,40.55099868774414,31.28499984741211,,156.1433,6f323235-color_aug_5.png,0.0
442.92999267578125,194.96800231933594,421.83599853515625,180.08599853515625,42.1879997253418,29.76300048828125,,40.7266,6f323235-color_aug_5.png,0.0
456.5150146484375,157.28500366210938,440.4580078125,140.4969940185547,32.11600112915039,33.57500076293945,,272.2664,6f323235-color_aug_5.png,0.0
362.1239929199219,92.25900268554688,346.8949890136719,76.45800018310547,30.457000732421875,31.601999282836914,,318.2448,07865578-color_aug_1.png,0.0
360.70098876953125,143.76800537109375,347.2130126953125,124.06400299072266,26.976999282836914,39.40800094604492,,75.2404,07865578-color_aug_1.png,0.0
362.52099609375,194.91900634765625,343.7690124511719,181.8179931640625,37.50299835205078,26.20199966430664,,209.6701,07865578-color_aug_1.png,0.0
423.8420104980469,194.39599609375,403.95599365234375,180.85299682617188,39.77199935913086,27.084999084472656,,180.3627,07865578-color_aug_1.png,0.0
423.81201171875,142.2969970703125,403.6080017089844,128.63999938964844,40.409000396728516,27.315000534057617,,348.6947,07865578-color_aug_1.png,0.0
423.2279968261719,91.04499816894531,405.8370056152344,74.4749984741211,34.784000396728516,33.138999938964844,,225.3849,07865578-color_aug_1.png,0.0
389.6180114746094,138.1540069580078,371.22198486328125,122.4739990234375,36.792999267578125,31.360000610351562,,336.4788,07865578-color_aug_2.png,0.0
373.86199951171875,176.18099975585938,355.7080078125,158.06700134277344,36.30699920654297,36.22800064086914,,92.9289,07865578-color_aug_2.png,0.0
361.0459899902344,214.72000122070312,340.5199890136719,200.16400146484375,41.051998138427734,29.113000869750977,,227.7942,07865578-color_aug_2.png,0.0
414.7340087890625,229.74400329589844,392.8819885253906,214.50100708007812,43.702999114990234,30.48699951171875,,198.8893,07865578-color_aug_2.png,0.0
429.4679870605469,190.7740020751953,407.2820129394531,175.3470001220703,44.37099838256836,30.854000091552734,,7.1524,07865578-color_aug_2.png,0.0
443.4779968261719,152.2729949951172,422.7650146484375,135.38800048828125,41.42499923706055,33.770999908447266,,242.962,07865578-color_aug_2.png,0.0
335.4599914550781,101.38400268554688,318.5509948730469,85.16799926757812,33.819000244140625,32.430999755859375,,308.4497,07865578-color_aug_3.png,0.0
342.2969970703125,148.18899536132812,326.43798828125,128.60000610351562,31.718000411987305,39.178001403808594,,66.3347,07865578-color_aug_3.png,0.0
352.18701171875,194.31399536132812,332.2669982910156,179.95799255371094,39.840999603271484,28.711000442504883,,201.5738,07865578-color_aug_3.png,0.0
410.697998046875,185.63999938964844,389.4909973144531,170.697998046875,42.41299819946289,29.885000228881836,,171.7787,07865578-color_aug_3.png,0.0
402.2900085449219,138.2989959716797,380.7909851074219,123.28299713134766,42.99800109863281,30.031999588012695,,339.6792,07865578-color_aug_3.png,0.0
393.4989929199219,91.8949966430664,374.28399658203125,74.66999816894531,38.43000030517578,34.45100021362305,,216.9234,07865578-color_aug_3.png,0.0
361.3080139160156,84.61799621582031,345.28399658203125,67.81099700927734,32.047000885009766,33.6150016784668,,317.4,07865578-color_aug_4.png,0.0
360.03399658203125,139.89100646972656,345.87200927734375,118.87000274658203,28.322999954223633,42.042999267578125,,75.2,07865578-color_aug_4.png,0.0
362.19000244140625,194.72300720214844,342.4419860839844,180.8070068359375,39.494998931884766,27.83300018310547,,209.7,07865578-color_aug_4.png,0.0
427.0669860839844,193.7429962158203,406.0459899902344,179.33700561523438,42.042999267578125,28.812999725341797,,180.0,07865578-color_aug_4.png,0.0
426.8219909667969,137.78399658203125,405.4580078125,123.27999877929688,42.729000091552734,29.009000778198242,,348.1,07865578-color_aug_4.png,0.0
425.989013671875,82.70700073242188,407.614013671875,65.06700134277344,36.750999450683594,35.28099822998047,,225.4,07865578-color_aug_4.png,0.0
357.87298583984375,97.53900146484375,343.1820068359375,82.12899780273438,29.381999969482422,30.819000244140625,,317.4,07865578-color_aug_5.png,0.0
356.7049865722656,148.21600341796875,343.72100830078125,128.94200134277344,25.966999053955078,38.547000885009766,,75.2,07865578-color_aug_5.png,0.0
358.6820068359375,198.48800659179688,340.57598876953125,185.72900390625,36.21099853515625,25.51799964904785,,209.7,07865578-color_aug_5.png,0.0
418.16400146484375,197.58999633789062,398.8909912109375,184.38099670410156,38.547000885009766,26.41699981689453,,180.0,07865578-color_aug_5.png,0.0
417.9389953613281,146.28399658203125,398.35101318359375,132.98599243164062,39.17599868774414,26.59600067138672,,348.1,07865578-color_aug_5.png,0.0
417.1759948730469,95.78700256347656,400.3280029296875,79.61299896240234,33.69499969482422,32.34700012207031,,225.4,07865578-color_aug_5.png,0.0
358.64801025390625,204.20700073242188,344.1929931640625,187.7689971923828,28.90999984741211,32.87699890136719,,229.8682,f05074cb-color_aug_1.png,0.0
416.4739990234375,202.468994140625,398.0199890136719,189.7239990234375,36.90700149536133,25.48900032043457,,198.2271,f05074cb-color_aug_1.png,0.0
417.0459899902344,152.83599853515625,403.65399169921875,135.36199951171875,26.784000396728516,34.946998596191406,,304.0795,f05074cb-color_aug_1.png,0.0
359.0570068359375,155.77200317382812,346.614990234375,137.85699462890625,24.882999420166016,35.83000183105469,,109.6121,f05074cb-color_aug_1.png,0.0
359.2619934082031,106.89399719238281,346.93798828125,88.58200073242188,24.64900016784668,36.625,,295.7836,f05074cb-color_aug_1.png,0.0
418.4880065917969,104.58899688720703,399.9949951171875,92.28700256347656,36.98400115966797,24.60300064086914,,182.2358,f05074cb-color_aug_1.png,0.0
356.72601318359375,199.59300231933594,342.2640075683594,183.11399841308594,28.924999237060547,32.957000732421875,,229.4,f05074cb-color_aug_2.png,0.0
416.0220031738281,198.97900390625,397.39599609375,186.35699462890625,37.25199890136719,25.243999481201172,,199.0,f05074cb-color_aug_2.png,0.0
415.4530029296875,148.4040069580078,402.1300048828125,130.87399291992188,26.645999908447266,35.06100082397461,,303.7,f05074cb-color_aug_2.png,0.0
356.0249938964844,150.2010040283203,343.6659851074219,132.18800354003906,24.718000411987305,36.025001525878906,,108.7,f05074cb-color_aug_2.png,0.0
355.10400390625,100.37100219726562,342.87701416015625,81.96399688720703,24.454999923706055,36.81399917602539,,295.1,f05074cb-color_aug_2.png,0.0
415.8030090332031,99.2750015258789,397.13299560546875,87.13600158691406,37.34000015258789,24.280000686645508,,183.4,f05074cb-color_aug_2.png,0.0
335.8810119628906,167.39599609375,318.21099853515625,149.96800231933594,35.340999603271484,34.856998443603516,,217.7278,f05074cb-color_aug_3.png,0.0
394.4010009765625,155.8800048828125,373.4010009765625,141.13400268554688,42.000999450683594,29.490999221801758,,187.3278,f05074cb-color_aug_3.png,0.0
383.5039978027344,110.7040023803711,366.7460021972656,92.54499816894531,33.516998291015625,36.319000244140625,,292.0278,f05074cb-color_aug_3.png,0.0
325.09600830078125,123.30500030517578,309.1929931640625,104.89199829101562,31.80699920654297,36.82600021362305,,97.0278,f05074cb-color_aug_3.png,0.0
314.0050048828125,78.86100006103516,298.1510009765625,60.11899948120117,31.70800018310547,37.483001708984375,,283.4278,f05074cb-color_aug_3.png,0.0
373.81298828125,66.65299987792969,352.8680114746094,52.33100128173828,41.88999938964844,28.643999099731445,,171.7278,f05074cb-color_aug_3.png,0.0
347.7690124511719,207.72799682617188,330.91400146484375,189.3470001220703,33.71099853515625,36.762001037597656,,232.568,f05074cb-color_aug_4.png,0.0
412.8139953613281,210.5659942626953,391.62799072265625,196.04299926757812,42.37099838256836,29.047000885009766,,202.168,f05074cb-color_aug_4.png,0.0
415.25799560546875,156.73199462890625,399.5880126953125,137.2989959716797,31.34000015258789,38.86600112915039,,306.868,f05074cb-color_aug_4.png,0.0
349.99700927734375,155.1439971923828,335.3550109863281,135.2550048828125,29.284000396728516,39.77799987792969,,111.868,f05074cb-color_aug_4.png,0.0
352.0119934082031,102.08200073242188,337.489990234375,81.78099822998047,29.04400062561035,40.60200119018555,,298.268,f05074cb-color_aug_4.png,0.0
418.62298583984375,104.48999786376953,397.41900634765625,90.47699737548828,42.409000396728516,28.027000427246094,,186.568,f05074cb-color_aug_4.png,0.0
333.35699462890625,183.72000122070312,314.9209899902344,167.33999633789062,36.87300109863281,32.75899887084961,,208.6437,f05074cb-color_aug_5.png,0.0
385.70001220703125,166.9739990234375,364.4309997558594,152.343994140625,42.53799819946289,29.26099967956543,,178.8735,f05074cb-color_aug_5.png,0.0
367.99798583984375,129.97500610351562,350.1789855957031,113.3740005493164,35.63800048828125,33.20199966430664,,283.0242,f05074cb-color_aug_5.png,0.0
316.5660095214844,147.5070037841797,299.8030090332031,130.81199645996094,33.527000427246094,33.38999938964844,,88.1412,f05074cb-color_aug_5.png,0.0
299.82501220703125,111.8290023803711,283.3389892578125,95.14299774169922,32.97200012207031,33.37200164794922,,275.0047,f05074cb-color_aug_5.png,0.0
351.9949951171875,94.5469970703125,331.51800537109375,80.65499877929688,40.95399856567383,27.78499984741211,,163.4207,f05074cb-color_aug_5.png,0.0
393.2460021972656,64.88899993896484,374.3900146484375,48.68299865722656,37.71200180053711,32.4109992980957,,323.2954,47649de1-color_aug_1.png,0.0
392.8340148925781,121.98300170898438,378.0369873046875,99.32499694824219,29.593000411987305,45.316001892089844,,84.458,47649de1-color_aug_1.png,0.0
395.32000732421875,179.75799560546875,372.9729919433594,164.2429962158203,44.69499969482422,31.0310001373291,,186.2425,47649de1-color_aug_1.png,0.0
465.30499267578125,178.677001953125,442.07598876953125,163.1529998779297,46.457000732421875,31.047000885009766,,161.75,47649de1-color_aug_1.png,0.0
463.9419860839844,118.46800231933594,448.635009765625,96.3479995727539,30.61400032043457,44.24100112915039,,273.1693,47649de1-color_aug_1.png,0.0
463.2030029296875,59.797000885009766,439.82000732421875,44.55099868774414,46.76599884033203,30.490999221801758,,161.455,47649de1-color_aug_1.png,0.0
336.0,48.29999923706055,318.1000061035156,32.900001525878906,35.79999923706055,30.799999237060547,,323.8,47649de1-color_aug_2.png,0.0
335.04998779296875,103.55000305175781,321.1000061035156,81.80000305175781,27.899999618530273,43.5,,85.1,47649de1-color_aug_2.png,0.0
336.8500061035156,159.5,315.6000061035156,144.6999969482422,42.5,29.600000381469727,,186.9,47649de1-color_aug_2.png,0.0
403.6499938964844,159.14999389648438,381.70001220703125,144.39999389648438,43.900001525878906,29.5,,162.1,47649de1-color_aug_2.png,0.0
402.95001220703125,101.05000305175781,388.6000061035156,79.9000015258789,28.700000762939453,42.29999923706055,,273.7,47649de1-color_aug_2.png,0.0
402.79998779296875,44.45000076293945,380.70001220703125,30.100000381469727,44.20000076293945,28.700000762939453,,162.1,47649de1-color_aug_2.png,0.0
329.0,74.30000305175781,311.1000061035156,58.900001525878906,35.79999923706055,30.799999237060547,,323.8,47649de1-color_aug_3.png,0.0
328.04998779296875,129.5500030517578,314.1000061035156,107.80000305175781,27.899999618530273,43.5,,85.1,47649de1-color_aug_3.png,0.0
329.8500061035156,185.5,308.6000061035156,170.6999969482422,42.5,29.600000381469727,,186.9,47649de1-color_aug_3.png,0.0
396.6499938964844,185.14999389648438,374.70001220703125,170.39999389648438,43.900001525878906,29.5,,162.1,47649de1-color_aug_3.png,0.0
395.95001220703125,127.05000305175781,381.6000061035156,105.9000015258789,28.700000762939453,42.29999923706055,,273.7,47649de1-color_aug_3.png,0.0
395.79998779296875,70.44999694824219,373.70001220703125,56.099998474121094,44.20000076293945,28.700000762939453,,162.1,47649de1-color_aug_3.png,0.0
365.3290100097656,69.8010025024414,346.010009765625,53.18000030517578,38.63800048828125,33.24100112915039,,323.8,47649de1-color_aug_4.png,0.0
364.3039855957031,129.42999267578125,349.24798583984375,105.95600128173828,30.111000061035156,46.948001861572266,,85.1,47649de1-color_aug_4.png,0.0
366.2460021972656,189.81399536132812,343.31201171875,173.84100341796875,45.86899948120117,31.945999145507812,,186.9,47649de1-color_aug_4.png,0.0
438.34100341796875,189.43699645996094,414.6510009765625,173.51800537109375,47.380001068115234,31.83799934387207,,162.1,47649de1-color_aug_4.png,0.0
437.5849914550781,126.73200225830078,422.0979919433594,103.90499877929688,30.975000381469727,45.65299987792969,,273.7,47649de1-color_aug_4.png,0.0
437.42401123046875,65.6449966430664,413.5719909667969,50.15800094604492,47.702999114990234,30.975000381469727,,162.1,47649de1-color_aug_4.png,0.0
345.8949890136719,60.895999908447266,324.2829895019531,42.72800064086914,43.222999572753906,36.33599853515625,,322.8083,47649de1-color_aug_5.png,0.0
349.4909973144531,124.36599731445312,331.79998779296875,98.85700225830078,35.38100051879883,51.018001556396484,,81.0151,47649de1-color_aug_5.png,0.0
356.33599853515625,188.8489990234375,330.8970031738281,170.85800170898438,50.87799835205078,35.98099899291992,,189.0888,47649de1-color_aug_5.png,0.0
432.9930114746094,191.40899658203125,406.2860107421875,173.2779998779297,53.4119987487793,36.262001037597656,,163.6872,47649de1-color_aug_5.png,0.0
427.0820007324219,123.89399719238281,408.6510009765625,98.83899688720703,36.861000061035156,50.111000061035156,,269.3961,47649de1-color_aug_5.png,0.0
422.03399658203125,58.266998291015625,395.2749938964844,41.04899978637695,53.518001556396484,34.43600082397461,,162.8737,47649de1-color_aug_5.png,0.0
395.25,89.30000305175781,377.0,73.4000015258789,36.5,31.799999237060547,,323.8,04f3656c-color_aug_1.png,0.0
394.54998779296875,144.64999389648438,379.79998779296875,124.5,29.5,40.29999923706055,,64.8,04f3656c-color_aug_1.png,0.0
396.1499938964844,201.1999969482422,377.5,184.89999389648438,37.29999923706055,32.599998474121094,,216.2,04f3656c-color_aug_1.png,0.0
462.3500061035156,200.5500030517578,440.79998779296875,185.8000030517578,43.099998474121094,29.5,,190.0,04f3656c-color_aug_1.png,0.0
462.45001220703125,144.25,447.6000061035156,122.69999694824219,29.700000762939453,43.099998474121094,,249.4,04f3656c-color_aug_1.png,0.0
461.3500061035156,87.19999694824219,447.0,66.19999694824219,28.700000762939453,42.0,,110.8,04f3656c-color_aug_1.png,0.0
380.375,115.35299682617188,360.98699951171875,99.8949966430664,38.775001525878906,30.917999267578125,,323.7777,04f3656c-color_aug_2.png,0.0
382.77801513671875,168.66299438476562,366.8240051269531,149.33900451660156,31.909000396728516,38.64699935913086,,61.0101,04f3656c-color_aug_2.png,0.0
387.4989929199219,222.34300231933594,368.0010070800781,206.87899780273438,38.99599838256836,30.926000595092773,,213.368,04f3656c-color_aug_2.png,0.0
453.3219909667969,221.3459930419922,431.2659912109375,207.36300659179688,44.111000061035156,27.966999053955078,,189.075,04f3656c-color_aug_2.png,0.0
450.8320007324219,168.0260009765625,434.9849853515625,147.42100524902344,31.694000244140625,41.209999084472656,,246.0878,04f3656c-color_aug_2.png,0.0
447.0539855957031,113.2040023803711,431.60101318359375,92.8479995727539,30.906999588012695,40.71200180053711,,109.0945,04f3656c-color_aug_2.png,0.0
373.61199951171875,86.55000305175781,354.6000061035156,69.66500091552734,38.02399826049805,33.76900100708008,,325.4818,04f3656c-color_aug_3.png,0.0
373.65399169921875,142.2209930419922,358.30999755859375,121.56199645996094,30.687999725341797,41.31800079345703,,64.036,04f3656c-color_aug_3.png,0.0
376.0220031738281,198.3179931640625,356.9110107421875,181.7169952392578,38.22200012207031,33.20100021362305,,216.2588,04f3656c-color_aug_3.png,0.0
442.72198486328125,199.7449951171875,421.0690002441406,184.6649932861328,43.305999755859375,30.160999298095703,,191.4535,04f3656c-color_aug_3.png,0.0
442.63800048828125,144.25799560546875,427.5559997558594,122.33000183105469,30.163999557495117,43.85599899291992,,249.1455,04f3656c-color_aug_3.png,0.0
441.3110046386719,87.11199951171875,426.6109924316406,65.33100128173828,29.400999069213867,43.5620002746582,,111.0887,04f3656c-color_aug_3.png,0.0
399.1260070800781,144.16299438476562,380.2149963378906,128.98800659179688,37.821998596191406,30.35099983215332,,344.1082,04f3656c-color_aug_4.png,0.0
382.5270080566406,181.0679931640625,365.1260070800781,163.91299438476562,34.801998138427734,34.310001373291016,,85.1082,04f3656c-color_aug_4.png,0.0
367.3819885253906,219.3470001220703,348.0419921875,203.8040008544922,38.680999755859375,31.084999084472656,,236.5082,04f3656c-color_aug_4.png,0.0
419.4429931640625,235.322998046875,398.2799987792969,220.0989990234375,42.32600021362305,30.445999145507812,,210.3082,04f3656c-color_aug_4.png,0.0
435.8479919433594,197.63299560546875,417.9620056152344,179.51499938964844,35.77000045776367,36.23500061035156,,269.7082,04f3656c-color_aug_4.png,0.0
451.52899169921875,159.14300537109375,434.19500732421875,141.51800537109375,34.667999267578125,35.25,,131.1082,04f3656c-color_aug_4.png,0.0
395.1340026855469,138.27200317382812,376.3080139160156,123.01899719238281,37.6510009765625,30.506000518798828,,341.6043,04f3656c-color_aug_5.png,0.0
380.24200439453125,176.91099548339844,363.13800048828125,159.4669952392578,34.20899963378906,34.88800048828125,,82.6043,04f3656c-color_aug_5.png,0.0
366.8940124511719,216.90899658203125,347.6419982910156,201.28599548339844,38.50299835205078,31.246999740600586,,234.0043,04f3656c-color_aug_5.png,0.0
420.4200134277344,231.3560028076172,399.2330017089844,216.16600036621094,42.375,30.3799991607666,,207.8043,04f3656c-color_aug_5.png,0.0
435.0740051269531,191.91600036621094,417.5270080566406,173.46800231933594,35.095001220703125,36.895999908447266,,267.2043,04f3656c-color_aug_5.png,0.0
448.9549865722656,151.6790008544922,431.9530029296875,133.72999572753906,34.00400161743164,35.900001525878906,,128.6043,04f3656c-color_aug_5.png,0.0
350.9309997558594,59.334999084472656,333.9230041503906,36.06700134277344,34.01599884033203,46.5359992980957,,277.608,f789f7cb-color_aug_1.png,0.0
350.9440002441406,122.59100341796875,328.5530090332031,104.28399658203125,44.78300094604492,36.61399841308594,,32.048,f789f7cb-color_aug_1.png,0.0
349.0610046386719,185.78700256347656,330.2040100097656,162.56100463867188,37.7140007019043,46.452999114990234,,233.6635,f789f7cb-color_aug_1.png,0.0
425.9410095214844,183.36300659179688,401.22601318359375,166.0330047607422,49.430999755859375,34.6609992980957,,150.8654,f789f7cb-color_aug_1.png,0.0
428.57000732421875,118.17900085449219,408.302001953125,95.08399963378906,40.5369987487793,46.191001892089844,,229.4191,f789f7cb-color_aug_1.png,0.0
430.4320068359375,53.63999938964844,413.0820007324219,27.55699920654297,34.69900131225586,52.165000915527344,,91.361,f789f7cb-color_aug_1.png,0.0
390.6610107421875,138.64700317382812,374.5509948730469,121.89700317382812,32.22200012207031,33.500999450683594,,292.9067,f789f7cb-color_aug_2.png,0.0
378.5119934082031,177.54400634765625,359.5570068359375,162.7790069580078,37.909000396728516,29.52899932861328,,50.1067,f789f7cb-color_aug_2.png,0.0
364.9549865722656,216.3699951171875,347.3800048828125,199.04200744628906,35.14899826049805,34.65599822998047,,250.5067,f789f7cb-color_aug_2.png,0.0
418.5329895019531,230.7050018310547,398.1820068359375,216.072998046875,40.70199966430664,29.26300048828125,,168.5067,f789f7cb-color_aug_2.png,0.0
432.71600341796875,190.83099365234375,414.4429931640625,173.57000732421875,36.54499816894531,34.52199935913086,,246.3067,f789f7cb-color_aug_2.png,0.0
446.12799072265625,151.5489959716797,429.3970031738281,133.1230010986328,33.46099853515625,36.854000091552734,,106.3067,f789f7cb-color_aug_2.png,0.0
363.4800109863281,86.66899871826172,349.0320129394531,67.09600067138672,28.89699935913086,39.145999908447266,,277.2367,f789f7cb-color_aug_3.png,0.0
363.8739929199219,140.77499389648438,344.69500732421875,125.33399963378906,38.35900115966797,30.882999420166016,,34.4367,f789f7cb-color_aug_3.png,0.0
362.635986328125,195.23599243164062,346.4590148925781,175.3350067138672,32.35499954223633,39.803001403808594,,234.8367,f789f7cb-color_aug_3.png,0.0
429.0299987792969,196.8000030517578,407.89898681640625,182.09500122070312,42.262001037597656,29.40999984741211,,152.8367,f789f7cb-color_aug_3.png,0.0
430.59698486328125,140.78799438476562,413.4440002441406,121.25399780273438,34.305999755859375,39.06700134277344,,230.6367,f789f7cb-color_aug_3.png,0.0
431.50299072265625,85.78399658203125,416.9540100097656,63.874000549316406,29.097000122070312,43.81999969482422,,90.6367,f789f7cb-color_aug_3.png,0.0
353.7640075683594,108.75599670410156,341.9570007324219,92.3499984741211,23.61400032043457,32.81100082397461,,276.0,f789f7cb-color_aug_4.png,0.0
355.0899963378906,154.78199768066406,339.2229919433594,141.9810028076172,31.733999252319336,25.60300064086914,,33.2,f789f7cb-color_aug_4.png,0.0
355.0480041503906,201.13999938964844,341.7909851074219,184.48599243164062,26.513999938964844,33.30799865722656,,233.6,f789f7cb-color_aug_4.png,0.0
410.93499755859375,201.26499938964844,393.4110107421875,189.12600708007812,35.04800033569336,24.277000427246094,,151.6,f789f7cb-color_aug_4.png,0.0
411.2250061035156,153.58099365234375,397.1390075683594,137.25799560546875,28.17099952697754,32.64500045776367,,229.4,f789f7cb-color_aug_4.png,0.0
410.97601318359375,106.76699829101562,399.12799072265625,88.37300109863281,23.69700050354004,36.78799819946289,,89.4,f789f7cb-color_aug_4.png,0.0
366.4219970703125,59.55400085449219,350.18798828125,36.99800109863281,32.46699905395508,45.111000061035156,,276.0,f789f7cb-color_aug_5.png,0.0
368.2439880371094,122.83599853515625,346.4289855957031,105.23500061035156,43.63100051879883,35.20100021362305,,33.2,f789f7cb-color_aug_5.png,0.0
368.18701171875,186.572998046875,349.9599914550781,163.6750030517578,36.45399856567383,45.79499816894531,,233.6,f789f7cb-color_aug_5.png,0.0
445.0249938964844,186.7429962158203,420.9309997558594,170.0540008544922,48.1870002746582,33.37799835205078,,151.6,f789f7cb-color_aug_5.png,0.0
445.42401123046875,121.18399810791016,426.0580139160156,98.74199676513672,38.731998443603516,44.88399887084961,,229.4,f789f7cb-color_aug_5.png,0.0
445.0820007324219,56.81999969482422,428.7919921875,31.530000686645508,32.58100128173828,50.58000183105469,,89.4,f789f7cb-color_aug_5.png,0.0
355.1419982910156,113.5260009765625,340.0820007324219,93.81900024414062,30.1200008392334,39.41400146484375,,252.6966,5a8da514-color_aug_1.png,0.0
350.5539855957031,163.9709930419922,330.05499267578125,149.6300048828125,40.99800109863281,28.683000564575195,,5.9966,5a8da514-color_aug_1.png,0.0
347.32501220703125,214.49400329589844,326.95098876953125,199.5469970703125,40.74800109863281,29.89299964904785,,203.5966,5a8da514-color_aug_1.png,0.0
408.8599853515625,218.45199584960938,392.77801513671875,199.1820068359375,32.16299819946289,38.54100036621094,,127.6966,5a8da514-color_aug_1.png,0.0
414.2359924316406,168.61500549316406,392.7699890136719,153.39500427246094,42.93199920654297,30.44099998474121,,201.7966,5a8da514-color_aug_1.png,0.0
419.2229919433594,119.37100219726562,404.00799560546875,99.03399658203125,30.43000030517578,40.67499923706055,,76.0966,5a8da514-color_aug_1.png,0.0
348.0190124511719,90.00399780273438,332.5989990234375,70.2760009765625,30.84000015258789,39.457000732421875,,243.0095,5a8da514-color_aug_2.png,0.0
351.4989929199219,143.62899780273438,329.7659912109375,129.8459930419922,43.465999603271484,27.566999435424805,,359.8234,5a8da514-color_aug_2.png,0.0
356.52301025390625,197.91700744628906,334.81298828125,183.22300720214844,43.42100143432617,29.388999938964844,,196.1037,5a8da514-color_aug_2.png,0.0
423.4800109863281,195.2030029296875,406.65899658203125,175.51400756835938,33.641998291015625,39.37699890136719,,120.8872,5a8da514-color_aug_2.png,0.0
420.4419860839844,141.60699462890625,397.73699951171875,127.01599884033203,45.409000396728516,29.183000564575195,,194.5012,5a8da514-color_aug_2.png,0.0
417.1600036621094,89.40499877929688,401.53900146484375,69.09300231933594,31.240999221801758,40.624000549316406,,66.1322,5a8da514-color_aug_2.png,0.0
342.2489929199219,101.4749984741211,326.135009765625,81.17500305175781,32.22800064086914,40.60100173950195,,241.4505,5a8da514-color_aug_3.png,0.0
348.1679992675781,151.5050048828125,327.0069885253906,136.50100708007812,42.321998596191406,30.009000778198242,,354.774,5a8da514-color_aug_3.png,0.0
355.3559875488281,200.66200256347656,334.44500732421875,185.281005859375,41.82099914550781,30.76300048828125,,192.1039,5a8da514-color_aug_3.png,0.0
416.27099609375,193.21200561523438,399.3070068359375,173.83900451660156,33.928001403808594,38.74599838256836,,117.0171,5a8da514-color_aug_3.png,0.0
411.75,144.3459930419922,389.52099609375,128.44500732421875,44.457000732421875,31.80299949645996,,190.5483,5a8da514-color_aug_3.png,0.0
406.90301513671875,95.43399810791016,390.47698974609375,74.51499938964844,32.85100173950195,41.83700180053711,,65.2966,5a8da514-color_aug_3.png,0.0
364.197998046875,59.49700164794922,347.8479919433594,35.79999923706055,32.70000076293945,47.39500045776367,,246.5843,5a8da514-color_aug_4.png,0.0
365.51300048828125,123.447998046875,341.94000244140625,107.15499877929688,47.14699935913086,32.58700180053711,,359.8843,5a8da514-color_aug_4.png,0.0
368.47198486328125,187.322998046875,345.1159973144531,170.2429962158203,46.7130012512207,34.159000396728516,,197.4843,5a8da514-color_aug_4.png,0.0
442.989013671875,184.42599487304688,425.3429870605469,161.38800048828125,35.29199981689453,46.07500076293945,,121.5843,5a8da514-color_aug_4.png,0.0
442.7040100097656,121.13800048828125,418.0400085449219,103.81700134277344,49.327999114990234,34.641998291015625,,195.6843,5a8da514-color_aug_4.png,0.0
442.0320129394531,58.64400100708008,425.5580139160156,34.15599822998047,32.94599914550781,48.974998474121094,,69.9843,5a8da514-color_aug_4.png,0.0
342.95001220703125,101.3499984741211,328.79998779296875,80.5,28.299999237060547,41.70000076293945,,247.3,5a8da514-color_aug_5.png,0.0
343.3999938964844,158.10000610351562,322.79998779296875,143.89999389648438,41.20000076293945,28.399999618530273,,0.6,5a8da514-color_aug_5.png,0.0
345.29998779296875,214.8000030517578,324.8999938964844,199.89999389648438,40.79999923706055,29.799999237060547,,198.2,5a8da514-color_aug_5.png,0.0
411.0,213.0500030517578,395.70001220703125,192.8000030517578,30.600000381469727,40.5,,122.3,5a8da514-color_aug_5.png,0.0
411.45001220703125,156.89999389648438,389.8999938964844,141.8000030517578,43.099998474121094,30.200000762939453,,196.4,5a8da514-color_aug_5.png,0.0
411.54998779296875,101.44999694824219,397.29998779296875,79.9000015258789,28.5,43.099998474121094,,70.7,5a8da514-color_aug_5.png,0.0
349.2650146484375,95.57599639892578,330.9320068359375,78.03700256347656,36.665000915527344,35.07699966430664,,217.5491,e8063e46-color_aug_1.png,0.0
357.12298583984375,142.8509979248047,335.9960021972656,127.99700164794922,42.255001068115234,29.708999633789062,,341.6491,e8063e46-color_aug_1.png,0.0
366.8489990234375,190.02999877929688,345.62799072265625,175.406005859375,42.441001892089844,29.249000549316406,,176.2491,e8063e46-color_aug_1.png,0.0
426.3290100097656,180.4040069580078,409.92498779296875,160.50399780273438,32.80799865722656,39.79999923706055,,87.7491,e8063e46-color_aug_1.png,0.0
418.5320129394531,133.5019989013672,397.0010070800781,118.58999633789062,43.0629997253418,29.823999404907227,,154.4491,e8063e46-color_aug_1.png,0.0
410.7080078125,86.43499755859375,394.6289978027344,66.90599822998047,32.159000396728516,39.05799865722656,,51.1491,e8063e46-color_aug_1.png,0.0
293.6780090332031,74.28700256347656,275.3420104980469,56.737998962402344,36.672000885009766,35.0989990234375,,217.6417,e8063e46-color_aug_2.png,0.0
301.4649963378906,121.65699768066406,280.3240051269531,106.802001953125,42.28200149536133,29.709999084472656,,341.7417,e8063e46-color_aug_2.png,0.0
311.12200927734375,168.93299865722656,289.8869934082031,154.3090057373047,42.470001220703125,29.24799919128418,,176.3417,e8063e46-color_aug_2.png,0.0
370.7030029296875,159.37899780273438,354.3039855957031,139.4600067138672,32.79800033569336,39.8380012512207,,87.8417,e8063e46-color_aug_2.png,0.0
362.97698974609375,112.38400268554688,341.4320068359375,97.47200012207031,43.090999603271484,29.823999404907227,,154.5417,e8063e46-color_aug_2.png,0.0
355.2250061035156,65.22200012207031,339.1499938964844,45.67399978637695,32.14899826049805,39.09600067138672,,51.2417,e8063e46-color_aug_2.png,0.0
357.5690002441406,106.08000183105469,338.8659973144531,86.5270004272461,37.40599822998047,39.10599899291992,,226.3,e8063e46-color_aug_3.png,0.0
357.5690002441406,166.54600524902344,334.9339904785156,151.031005859375,45.26900100708008,31.030000686645508,,350.4,e8063e46-color_aug_3.png,0.0
359.74798583984375,227.2239990234375,336.9540100097656,212.0279998779297,45.5880012512207,30.392000198364258,,185.0,e8063e46-color_aug_3.png,0.0
430.4150085449219,225.78900146484375,414.52801513671875,202.78199768066406,31.77400016784668,46.01300048828125,,96.5,e8063e46-color_aug_3.png,0.0
430.4150085449219,165.802001953125,407.302001953125,150.28700256347656,46.22600173950195,31.030000686645508,,163.2,e8063e46-color_aug_3.png,0.0
430.4150085449219,105.60199737548828,414.84698486328125,83.0199966430664,31.13599967956543,45.16299819946289,,59.9,e8063e46-color_aug_3.png,0.0
368.05999755859375,57.80500030517578,347.99200439453125,36.58300018310547,40.137001037597656,42.444000244140625,,226.8827,e8063e46-color_aug_4.png,0.0
367.7900085449219,122.96800231933594,343.57501220703125,106.0719985961914,48.430999755859375,33.792999267578125,,350.787,e8063e46-color_aug_4.png,0.0
369.8349914550781,188.1959991455078,345.4809875488281,171.6320037841797,48.70800018310547,33.12799835205078,,185.6384,e8063e46-color_aug_4.png,0.0
445.3169860839844,187.44200134277344,428.156005859375,162.50900268554688,34.321998596191406,49.867000579833984,,96.8136,e8063e46-color_aug_4.png,0.0
445.7120056152344,122.81300354003906,420.8240051269531,105.86699676513672,49.7760009765625,33.891998291015625,,163.567,e8063e46-color_aug_4.png,0.0
446.08599853515625,57.75699996948242,429.2200012207031,33.220001220703125,33.73099899291992,49.073001861572266,,60.4271,e8063e46-color_aug_4.png,0.0
338.4020080566406,99.04900360107422,320.16900634765625,81.39900207519531,36.465999603271484,35.29999923706055,,218.8818,e8063e46-color_aug_5.png,0.0
345.1570129394531,147.58599853515625,324.00201416015625,132.76600646972656,42.31100082397461,29.638999938964844,,342.9818,e8063e46-color_aug_5.png,0.0
353.80499267578125,196.06500244140625,332.54901123046875,181.48500061035156,42.513999938964844,29.160999298095703,,177.5818,e8063e46-color_aug_5.png,0.0
414.2829895019531,187.5279998779297,398.0799865722656,167.39999389648438,32.404998779296875,40.25600051879883,,89.0818,e8063e46-color_aug_5.png,0.0
407.58099365234375,139.375,386.0150146484375,124.50599670410156,43.13199996948242,29.73900032043457,,155.7818,e8063e46-color_aug_5.png,0.0
400.8550109863281,91.052001953125,384.9739990234375,71.2979965209961,31.76300048828125,39.50699996948242,,52.4818,e8063e46-color_aug_5.png,0.0
331.489990234375,199.5290069580078,310.6310119628906,184.28700256347656,41.71799850463867,30.485000610351562,,130.7431,7eb1d29b-color_aug_1.png,0.0
308.8489990234375,166.77499389648438,288.78900146484375,150.83799743652344,40.11899948120117,31.874000549316406,,291.8617,7eb1d29b-color_aug_1.png,0.0
287.22601318359375,134.5019989013672,267.76800537109375,118.67400360107422,38.91600036621094,31.656999588012695,,196.1348,7eb1d29b-color_aug_1.png,0.0
335.3680114746094,110.93800354003906,316.09698486328125,93.7020034790039,38.542999267578125,34.47200012207031,,33.49,7eb1d29b-color_aug_1.png,0.0
357.00799560546875,143.47799682617188,336.9309997558594,126.54499816894531,40.15599822998047,33.8650016784668,,99.2063,7eb1d29b-color_aug_1.png,0.0
378.1780090332031,176.50999450683594,358.89599609375,159.61300659179688,38.564998626708984,33.79399871826172,,93.3136,7eb1d29b-color_aug_1.png,0.0
385.25,156.9499969482422,364.29998779296875,142.60000610351562,41.900001525878906,28.700000762939453,,160.1,7eb1d29b-color_aug_2.png,0.0
384.1499938964844,99.94999694824219,365.79998779296875,82.9000015258789,36.70000076293945,34.099998474121094,,320.8,7eb1d29b-color_aug_2.png,0.0
383.79998779296875,44.0,366.5,26.5,34.599998474121094,35.0,,225.5,7eb1d29b-color_aug_2.png,0.0
452.54998779296875,42.650001525878906,437.70001220703125,21.399999618530273,29.700000762939453,42.5,,62.5,7eb1d29b-color_aug_2.png,0.0
452.6000061035156,98.80000305175781,435.70001220703125,79.30000305175781,33.79999923706055,39.0,,127.8,7eb1d29b-color_aug_2.png,0.0
451.79998779296875,155.10000610351562,436.5,134.8000030517578,30.600000381469727,40.599998474121094,,121.8,7eb1d29b-color_aug_2.png,0.0
365.322998046875,228.41000366210938,346.07000732421875,214.3040008544922,38.50600051879883,28.209999084472656,,190.0466,7eb1d29b-color_aug_3.png,0.0
386.23699951171875,197.63999938964844,367.6730041503906,182.89300537109375,37.12900161743164,29.493999481201172,,350.7466,7eb1d29b-color_aug_3.png,0.0
407.24700927734375,167.66099548339844,389.2030029296875,152.9969940185547,36.08700180053711,29.327999114990234,,255.4466,7eb1d29b-color_aug_3.png,0.0
453.06298828125,188.08599853515625,435.2099914550781,172.17300415039062,35.70500183105469,31.825000762939453,,92.4466,7eb1d29b-color_aug_3.png,0.0
431.77899169921875,218.07899475097656,413.239990234375,202.47000122070312,37.077999114990234,31.218000411987305,,157.7466,7eb1d29b-color_aug_3.png,0.0
409.8789978027344,247.89100646972656,392.0899963378906,232.3470001220703,35.57699966430664,31.08799934387207,,151.7466,7eb1d29b-color_aug_3.png,0.0
347.9169921875,197.11300659179688,327.2090148925781,182.4499969482422,41.41600036621094,29.323999404907227,,148.0107,7eb1d29b-color_aug_4.png,0.0
336.44500732421875,152.9290008544922,317.4800109863281,136.5989990234375,37.930999755859375,32.6609992980957,,308.7107,7eb1d29b-color_aug_4.png,0.0
325.8139953613281,109.43800354003906,307.6700134277344,92.93199920654297,36.2869987487793,33.01100158691406,,213.4107,7eb1d29b-color_aug_4.png,0.0
384.82598876953125,96.92500305175781,368.1029968261719,77.90899658203125,33.448001861572266,38.03200149536133,,50.4107,7eb1d29b-color_aug_4.png,0.0
395.2359924316406,140.6219940185547,377.0679931640625,122.62699890136719,36.33599853515625,35.99100112915039,,115.7107,7eb1d29b-color_aug_4.png,0.0
404.9410095214844,184.5780029296875,388.0050048828125,166.2259979248047,33.87300109863281,36.702999114990234,,109.7107,7eb1d29b-color_aug_4.png,0.0
360.02899169921875,196.37100219726562,340.17999267578125,182.77499389648438,39.696998596191406,27.19099998474121,,160.1,7eb1d29b-color_aug_5.png,0.0
358.98699951171875,142.3679962158203,341.60101318359375,126.21399688720703,34.770999908447266,32.30699920654297,,320.8,7eb1d29b-color_aug_5.png,0.0
358.6549987792969,89.35900115966797,342.2640075683594,72.77899932861328,32.78099822998047,33.15999984741211,,225.5,7eb1d29b-color_aug_5.png,0.0
423.7900085449219,88.08000183105469,409.72100830078125,67.9469985961914,28.138999938964844,40.26599884033203,,62.5,7eb1d29b-color_aug_5.png,0.0
423.8380126953125,141.2779998779297,407.82598876953125,122.8030014038086,32.02299880981445,36.95000076293945,,127.8,7eb1d29b-color_aug_5.png,0.0
423.0799865722656,194.6179962158203,408.5840148925781,175.38600158691406,28.990999221801758,38.46500015258789,,121.8,7eb1d29b-color_aug_5.png,0.0
334.25,108.80000305175781,316.1000061035156,91.5999984741211,36.29999923706055,34.400001525878906,,321.8,a6f2e215-color_aug_1.png,0.0
335.0,165.35000610351562,318.0,147.1999969482422,34.0,36.29999923706055,,129.0,a6f2e215-color_aug_1.png,0.0
401.8500061035156,164.6999969482422,387.3999938964844,143.1999969482422,28.899999618530273,43.0,,94.8,a6f2e215-color_aug_1.png,0.0
402.1000061035156,107.5,387.8999938964844,85.5999984741211,28.399999618530273,43.79999923706055,,90.0,a6f2e215-color_aug_1.png,0.0
401.70001220703125,52.099998474121094,380.0,37.099998474121094,43.400001525878906,30.0,,17.5,a6f2e215-color_aug_1.png,0.0
333.20001220703125,51.95000076293945,319.6000061035156,31.5,27.200000762939453,40.900001525878906,,246.2,a6f2e215-color_aug_1.png,0.0
351.2359924316406,134.76300048828125,331.31201171875,117.01100158691406,39.847999572753906,35.505001068115234,,324.7369,a6f2e215-color_aug_2.png,0.0
352.73199462890625,191.38600158691406,334.0769958496094,172.6739959716797,37.3120002746582,37.42300033569336,,131.7161,a6f2e215-color_aug_2.png,0.0
425.74200439453125,193.01499938964844,409.6310119628906,170.88099670410156,32.222999572753906,44.268001556396484,,94.7056,a6f2e215-color_aug_2.png,0.0
425.4540100097656,135.35000610351562,409.5830078125,112.8280029296875,31.739999771118164,45.04399871826172,,89.4415,a6f2e215-color_aug_2.png,0.0
424.49700927734375,79.28900146484375,400.385986328125,63.604000091552734,48.22200012207031,31.3700008392334,,17.1486,a6f2e215-color_aug_2.png,0.0
349.3840026855469,77.625,334.3380126953125,56.75199890136719,30.091999053955078,41.74700164794922,,244.1538,a6f2e215-color_aug_2.png,0.0
309.8479919433594,133.68800354003906,290.9519958496094,117.34600067138672,37.79100036621094,32.68299865722656,,308.4025,a6f2e215-color_aug_3.png,0.0
321.92498779296875,176.48699951171875,303.8139953613281,159.63299560546875,36.22200012207031,33.70899963378906,,115.6025,a6f2e215-color_aug_3.png,0.0
378.5740051269531,163.90499877929688,361.95098876953125,144.96800231933594,33.24599838256836,37.874000549316406,,81.4025,a6f2e215-color_aug_3.png,0.0
367.2139892578125,120.43000030517578,350.72198486328125,101.23500061035156,32.983001708984375,38.39099884033203,,76.6025,a6f2e215-color_aug_3.png,0.0
355.6659851074219,78.44000244140625,334.20098876953125,63.12699890136719,42.93199920654297,30.625999450683594,,4.1025,a6f2e215-color_aug_3.png,0.0
297.4549865722656,90.71399688720703,281.7659912109375,72.72799682617188,31.37700080871582,35.97200012207031,,232.8025,a6f2e215-color_aug_3.png,0.0
318.33599853515625,162.69900512695312,299.0360107421875,146.77200317382812,38.599998474121094,31.85300064086914,,298.9726,a6f2e215-color_aug_4.png,0.0
337.0,198.75399780273438,318.2699890136719,182.5290069580078,37.459999084472656,32.45000076293945,,106.1726,a6f2e215-color_aug_4.png,0.0
387.6080017089844,180.29600524902344,369.7439880371094,162.61099243164062,35.72700119018555,35.369998931884766,,71.9726,a6f2e215-color_aug_4.png,0.0
369.4960021972656,143.5540008544922,351.6940002441406,125.68000030517578,35.60300064086914,35.74800109863281,,67.1726,a6f2e215-color_aug_4.png,0.0
351.46600341796875,108.14099884033203,330.1709899902344,92.66699981689453,42.5890007019043,30.947999954223633,,354.6726,a6f2e215-color_aug_4.png,0.0
299.3479919433594,126.53199768066406,282.46600341796875,109.75,33.76300048828125,33.564998626708984,,223.3726,a6f2e215-color_aug_4.png,0.0
364.9739990234375,134.1719970703125,346.4309997558594,116.99800109863281,37.08700180053711,34.347999572753906,,322.3711,a6f2e215-color_aug_5.png,0.0
365.27801513671875,190.343994140625,347.885009765625,172.197998046875,34.7869987487793,36.29199981689453,,129.7084,a6f2e215-color_aug_5.png,0.0
433.02398681640625,189.2779998779297,418.2380065917969,167.84500122070312,29.57200050354004,42.86600112915039,,95.3195,a6f2e215-color_aug_5.png,0.0
433.7049865722656,132.52499389648438,419.177001953125,110.73200225830078,29.05699920654297,43.584999084472656,,90.4324,a6f2e215-color_aug_5.png,0.0
433.7099914550781,77.61199951171875,411.6570129394531,62.65700149536133,44.10599899291992,29.909000396728516,,16.9833,a6f2e215-color_aug_5.png,0.0
364.37298583984375,77.75800323486328,350.4230041503906,57.415000915527344,27.899999618530273,40.6879997253418,,246.0897,a6f2e215-color_aug_5.png,0.0
375.06298828125,211.57200622558594,359.3380126953125,191.96400451660156,31.448999404907227,39.215999603271484,,94.2842,e2ad11c8-color_aug_1.png,0.0
366.49200439453125,164.80999755859375,348.0419921875,148.4239959716797,36.900001525878906,32.77299880981445,,312.9842,e2ad11c8-color_aug_1.png,0.0
357.9020080566406,119.18499755859375,342.11199951171875,99.92400360107422,31.579999923706055,38.52299880981445,,274.4842,e2ad11c8-color_aug_1.png,0.0
417.6659851074219,109.58200073242188,396.4119873046875,94.81900024414062,42.507999420166016,29.525999069213867,,330.0842,e2ad11c8-color_aug_1.png,0.0
426.1969909667969,155.38400268554688,409.7699890136719,135.468994140625,32.85599899291992,39.83100128173828,,75.5842,e2ad11c8-color_aug_1.png,0.0
435.0400085449219,201.13800048828125,419.1239929199219,181.89700317382812,31.83099937438965,38.483001708984375,,59.3842,e2ad11c8-color_aug_1.png,0.0
365.04400634765625,190.0279998779297,349.9939880371094,166.83599853515625,30.10099983215332,46.382999420166016,,103.9,e2ad11c8-color_aug_2.png,0.0
365.0979919433594,128.6479949951172,345.9230041503906,110.38300323486328,38.3489990234375,36.52799987792969,,322.6,e2ad11c8-color_aug_2.png,0.0
364.8840026855469,68.71299743652344,349.6730041503906,46.00400161743164,30.422000885009766,45.41899871826172,,284.1,e2ad11c8-color_aug_2.png,0.0
437.0830078125,68.33799743652344,414.052001953125,52.85900115966797,46.0620002746582,30.95800018310547,,339.7,e2ad11c8-color_aug_2.png,0.0
437.1910095214844,128.48699951171875,421.3370056152344,105.0270004272461,31.70800018310547,46.91899871826172,,85.2,e2ad11c8-color_aug_2.png,0.0
437.6730041503906,188.63499450683594,422.3009948730469,165.97900390625,30.743999481201172,45.3120002746582,,69.0,e2ad11c8-color_aug_2.png,0.0
360.13299560546875,195.4770050048828,346.7229919433594,174.81399536132812,26.819000244140625,41.32600021362305,,103.9,e2ad11c8-color_aug_3.png,0.0
360.1809997558594,140.78900146484375,343.09698486328125,124.51599884033203,34.167999267578125,32.54499816894531,,322.6,e2ad11c8-color_aug_3.png,0.0
359.989990234375,87.38999938964844,346.43701171875,67.15599822998047,27.104999542236328,40.46699905395508,,284.1,e2ad11c8-color_aug_3.png,0.0
424.3169860839844,87.05599975585938,403.7969970703125,73.26499938964844,41.040000915527344,27.582000732421875,,339.7,e2ad11c8-color_aug_3.png,0.0
424.4119873046875,140.64599609375,410.2869873046875,119.74400329589844,28.250999450683594,41.803001403808594,,85.2,e2ad11c8-color_aug_3.png,0.0
424.8420104980469,194.23599243164062,411.14599609375,174.0500030517578,27.392000198364258,40.37200164794922,,69.0,e2ad11c8-color_aug_3.png,0.0
365.5880126953125,214.56900024414062,348.9519958496094,195.91700744628906,33.27199935913086,37.303001403808594,,119.5359,e2ad11c8-color_aug_4.png,0.0
378.89599609375,172.80299377441406,360.1400146484375,156.718994140625,37.512001037597656,32.16699981689453,,338.2359,e2ad11c8-color_aug_4.png,0.0
391.68499755859375,131.97000122070312,375.0299987792969,113.61599731445312,33.3120002746582,36.70800018310547,,299.7359,e2ad11c8-color_aug_4.png,0.0
447.52398681640625,145.46800231933594,426.3919982910156,130.54600524902344,42.263999938964844,29.844999313354492,,355.3359,e2ad11c8-color_aug_4.png,0.0
434.6059875488281,186.42599487304688,417.2919921875,167.44000244140625,34.62900161743164,37.9739990234375,,100.8359,e2ad11c8-color_aug_4.png,0.0
421.9779968261719,227.45599365234375,405.2090148925781,209.10800170898438,33.5369987487793,36.696998596191406,,84.6359,e2ad11c8-color_aug_4.png,0.0
357.7170104980469,198.15699768066406,345.114990234375,178.73800659179688,25.20400047302246,38.8380012512207,,103.9,e2ad11c8-color_aug_5.png,0.0
357.7619934082031,146.76100158691406,341.70599365234375,131.46800231933594,32.111000061035156,30.586000442504883,,322.6,e2ad11c8-color_aug_5.png,0.0
357.5820007324219,96.5770034790039,344.84600830078125,77.56099700927734,25.474000930786133,38.03099822998047,,284.1,e2ad11c8-color_aug_5.png,0.0
418.0369873046875,96.26300048828125,398.75299072265625,83.302001953125,38.569000244140625,25.922000885009766,,339.7,e2ad11c8-color_aug_5.png,0.0
418.12701416015625,146.6269989013672,404.85198974609375,126.98400115966797,26.549999237060547,39.2869987487793,,85.2,e2ad11c8-color_aug_5.png,0.0
418.531005859375,196.99099731445312,405.65899658203125,178.02000427246094,25.743000030517578,37.941001892089844,,69.0,e2ad11c8-color_aug_5.png,0.0
339.2409973144531,200.0279998779297,320.83599853515625,182.51800537109375,36.810001373291016,35.02000045776367,,89.6779,49e44369-color_aug_1.png,0.0
390.2099914550781,181.23399353027344,371.4570007324219,163.4600067138672,37.50699996948242,35.54800033569336,,47.0115,49e44369-color_aug_1.png,0.0
373.5690002441406,144.65699768066406,354.5539855957031,127.05000305175781,38.02899932861328,35.21500015258789,,35.3575,49e44369-color_aug_1.png,0.0
321.13299560546875,164.33299255371094,300.7099914550781,147.9980010986328,40.845001220703125,32.66899871826172,,297.1611,49e44369-color_aug_1.png,0.0
302.9230041503906,127.53299713134766,284.3689880371094,109.64700317382812,37.11000061035156,35.770999908447266,,262.5428,49e44369-color_aug_1.png,0.0
354.9119873046875,109.51200103759766,333.27899169921875,93.83899688720703,43.266998291015625,31.34600067138672,,311.9999,49e44369-color_aug_1.png,0.0
399.2200012207031,196.89700317382812,384.1659851074219,175.5240020751953,30.107999801635742,42.744998931884766,,109.5836,49e44369-color_aug_2.png,0.0
465.0840148925781,197.20599365234375,449.28900146484375,175.58200073242188,31.589000701904297,43.249000549316406,,66.9691,49e44369-color_aug_2.png,0.0
462.7919921875,141.15199279785156,446.8580017089844,121.03399658203125,31.868999481201172,40.23699951171875,,55.8567,49e44369-color_aug_2.png,0.0
396.4679870605469,141.17599487304688,377.6579895019531,124.50700378417969,37.619998931884766,33.3380012512207,,319.2493,49e44369-color_aug_2.png,0.0
394.25,86.73600006103516,380.00299072265625,66.68900299072266,28.4950008392334,40.095001220703125,,283.0895,49e44369-color_aug_2.png,0.0
457.82000732421875,88.44000244140625,436.8280029296875,74.5719985961914,41.98400115966797,27.735000610351562,,335.381,49e44369-color_aug_2.png,0.0
385.75,157.60000610351562,371.29998779296875,136.60000610351562,28.899999618530273,42.0,,112.5,49e44369-color_aug_3.png,0.0
453.45001220703125,157.3000030517578,438.70001220703125,136.0,29.5,42.599998474121094,,69.6,49e44369-color_aug_3.png,0.0
455.1000061035156,100.5999984741211,439.79998779296875,80.0,30.600000381469727,41.20000076293945,,58.0,49e44369-color_aug_3.png,0.0
385.5,101.44999694824219,366.6000061035156,84.5,37.79999923706055,33.900001525878906,,320.4,49e44369-color_aug_3.png,0.0
385.75,44.20000076293945,371.5,22.899999618530273,28.5,42.599998474121094,,285.4,49e44369-color_aug_3.png,0.0
453.70001220703125,45.20000076293945,432.20001220703125,30.600000381469727,43.0,29.200000762939453,,335.4,49e44369-color_aug_3.png,0.0
333.9880065917969,198.83999633789062,315.93701171875,181.7899932861328,36.10200119018555,34.099998474121094,,86.867,49e44369-color_aug_4.png,0.0
383.7090148925781,178.82899475097656,365.33099365234375,161.50799560546875,36.75600051879883,34.641998291015625,,43.967,49e44369-color_aug_4.png,0.0
364.8999938964844,143.73800659179688,346.364013671875,126.68299865722656,37.07099914550781,34.11000061035156,,32.367,49e44369-color_aug_4.png,0.0
313.9750061035156,164.64100646972656,294.0790100097656,148.75900268554688,39.79199981689453,31.76300048828125,,294.767,49e44369-color_aug_4.png,0.0
293.9410095214844,129.6230010986328,275.9320068359375,112.447998046875,36.02000045776367,34.3489990234375,,259.767,49e44369-color_aug_4.png,0.0
344.30499267578125,110.33200073242188,323.32501220703125,95.1240005493164,41.95899963378906,30.41699981689453,,309.767,49e44369-color_aug_4.png,0.0
338.5350036621094,204.1269989013672,324.2489929199219,188.9759979248047,28.57200050354004,30.302000045776367,,95.3733,49e44369-color_aug_5.png,0.0
384.7019958496094,191.52999877929688,370.14801025390625,176.14500427246094,29.107999801635742,30.768999099731445,,52.4733,49e44369-color_aug_5.png,0.0
373.8970031738281,157.4759979248047,359.114990234375,142.40699768066406,29.565000534057617,30.13800048828125,,40.8733,49e44369-color_aug_5.png,0.0
326.54901123046875,170.74899291992188,310.0769958496094,157.19200134277344,32.94499969482422,27.113000869750977,,303.2733,49e44369-color_aug_5.png,0.0
314.6730041503906,136.62399291992188,300.46099853515625,121.33200073242188,28.424999237060547,30.586000442504883,,268.2733,49e44369-color_aug_5.png,0.0
361.28399658203125,124.75599670410156,343.5299987792969,112.12100219726562,35.50699996948242,25.268999099731445,,318.2733,49e44369-color_aug_5.png,0.0
389.3999938964844,164.89999389648438,374.6000061035156,143.39999389648438,29.600000381469727,43.0,,87.4,bbd88e30-color_aug_1.png,0.0
387.95001220703125,107.9000015258789,369.3999938964844,91.5,37.099998474121094,32.79999923706055,,324.8,bbd88e30-color_aug_1.png,0.0
386.8999938964844,51.099998474121094,372.6000061035156,29.899999618530273,28.600000381469727,42.400001525878906,,259.5,bbd88e30-color_aug_1.png,0.0
453.29998779296875,49.20000076293945,438.5,28.299999237060547,29.600000381469727,41.79999923706055,,292.8,bbd88e30-color_aug_1.png,0.0
456.8999938964844,105.55000305175781,441.70001220703125,84.80000305175781,30.399999618530273,41.5,,57.9,bbd88e30-color_aug_1.png,0.0
457.75,162.0,443.29998779296875,140.8000030517578,28.899999618530273,42.400001525878906,,70.3,bbd88e30-color_aug_1.png,0.0
336.37200927734375,202.86099243164062,320.05999755859375,186.7259979248047,32.62300109863281,32.268001556396484,,65.2537,bbd88e30-color_aug_2.png,0.0
319.29901123046875,169.79299926757812,301.8280029296875,155.75399780273438,34.94200134277344,28.07900047302246,,302.6537,bbd88e30-color_aug_2.png,0.0
302.55999755859375,136.7480010986328,286.67999267578125,120.90899658203125,31.76099967956543,31.67799949645996,,237.3537,bbd88e30-color_aug_2.png,0.0
348.0140075683594,119.79199981689453,331.87200927734375,104.01000213623047,32.28499984741211,31.565000534057617,,270.6537,bbd88e30-color_aug_2.png,0.0
366.39300537109375,151.96600341796875,350.0159912109375,136.17599487304688,32.75400161743164,31.579999923706055,,35.7537,bbd88e30-color_aug_2.png,0.0
382.8940124511719,184.85400390625,366.9100036621094,168.97900390625,31.9689998626709,31.75,,48.1537,bbd88e30-color_aug_2.png,0.0
369.3999938964844,193.89999389648438,354.6000061035156,172.39999389648438,29.600000381469727,43.0,,87.4,bbd88e30-color_aug_3.png,0.0
367.95001220703125,136.89999389648438,349.3999938964844,120.5,37.099998474121094,32.79999923706055,,324.8,bbd88e30-color_aug_3.png,0.0
366.8999938964844,80.0999984741211,352.6000061035156,58.900001525878906,28.600000381469727,42.400001525878906,,259.5,bbd88e30-color_aug_3.png,0.0
433.29998779296875,78.19999694824219,418.5,57.29999923706055,29.600000381469727,41.79999923706055,,292.8,bbd88e30-color_aug_3.png,0.0
436.8999938964844,134.5500030517578,421.70001220703125,113.80000305175781,30.399999618530273,41.5,,57.9,bbd88e30-color_aug_3.png,0.0
437.75,191.0,423.29998779296875,169.8000030517578,28.899999618530273,42.400001525878906,,70.3,bbd88e30-color_aug_3.png,0.0
386.7439880371094,229.49200439453125,367.4440002441406,211.7239990234375,38.60100173950195,35.5359992980957,,107.1821,bbd88e30-color_aug_4.png,0.0
401.43798828125,193.4010009765625,381.2449951171875,177.8520050048828,40.3849983215332,31.097999572753906,,348.6368,bbd88e30-color_aug_4.png,0.0
416.2170104980469,158.01400756835938,397.7179870605469,140.64700317382812,36.99800109863281,34.733001708984375,,278.7854,bbd88e30-color_aug_4.png,0.0
466.9469909667969,175.37600708007812,448.447998046875,158.2469940185547,36.99800109863281,34.257999420166016,,314.1721,bbd88e30-color_aug_4.png,0.0
454.6839904785156,210.98500061035156,435.7980041503906,193.81500244140625,37.77299880981445,34.340999603271484,,76.9356,bbd88e30-color_aug_4.png,0.0
440.15301513671875,246.34800720214844,421.52301025390625,229.06500244140625,37.26100158691406,34.566001892089844,,89.1997,bbd88e30-color_aug_4.png,0.0
398.0150146484375,185.83599853515625,380.6260070800781,160.5749969482422,34.77799987792969,50.52199935913086,,87.4,bbd88e30-color_aug_5.png,0.0
396.31201171875,118.86499786376953,374.5169982910156,99.59600067138672,43.59000015258789,38.53799819946289,,324.8,bbd88e30-color_aug_5.png,0.0
395.0780029296875,52.12900161743164,378.2770080566406,27.219999313354492,33.60300064086914,49.81700134277344,,259.5,bbd88e30-color_aug_5.png,0.0
473.093994140625,49.895999908447266,455.7049865722656,25.34000015258789,34.77799987792969,49.11199951171875,,292.8,bbd88e30-color_aug_5.png,0.0
477.322998046875,116.10399627685547,459.4639892578125,91.7239990234375,35.71799850463867,48.7599983215332,,57.9,bbd88e30-color_aug_5.png,0.0
478.3219909667969,182.42799377441406,461.343994140625,157.52000427246094,33.95600128173828,49.81700134277344,,70.3,bbd88e30-color_aug_5.png,0.0
388.3389892578125,195.03500366210938,373.6499938964844,173.48399353027344,29.378000259399414,43.10200119018555,,86.7,d38ea15e-color_aug_1.png,0.0
388.135986328125,137.39700317382812,371.31201171875,118.18399810791016,33.64799880981445,38.42599868774414,,310.7,d38ea15e-color_aug_1.png,0.0
386.7130126953125,79.50399780273438,372.3290100097656,58.71500015258789,28.76799964904785,41.57699966430664,,246.2,d38ea15e-color_aug_1.png,0.0
454.9750061035156,77.8270034790039,440.6409912109375,56.2760009765625,28.66699981689453,43.10200119018555,,261.8,d38ea15e-color_aug_1.png,0.0
458.07501220703125,134.49899291992188,442.572998046875,113.10099792480469,31.0049991607666,42.797000885009766,,58.1,d38ea15e-color_aug_1.png,0.0
459.2950134277344,193.2050018310547,437.2869873046875,178.46499633789062,44.016998291015625,29.479999542236328,,26.7,d38ea15e-color_aug_1.png,0.0
350.24700927734375,218.44700622558594,331.9230041503906,201.46499633789062,36.64699935913086,33.9640007019043,,114.1203,d38ea15e-color_aug_2.png,0.0
371.2829895019531,184.83299255371094,352.3070068359375,168.56700134277344,37.952999114990234,32.53099822998047,,338.1203,d38ea15e-color_aug_2.png,0.0
391.5480041503906,150.70199584960938,373.72100830078125,134.25599670410156,35.654998779296875,32.891998291015625,,273.6203,d38ea15e-color_aug_2.png,0.0
440.5140075683594,170.34100341796875,422.4429931640625,153.46600341796875,36.143001556396484,33.749000549316406,,289.2203,d38ea15e-color_aug_2.png,0.0
421.885009765625,204.26800537109375,403.0419921875,187.1300048828125,37.6870002746582,34.277000427246094,,85.5203,d38ea15e-color_aug_2.png,0.0
401.177001953125,238.81100463867188,380.1719970703125,223.58399963378906,42.0099983215332,30.454999923706055,,54.1203,d38ea15e-color_aug_2.png,0.0
326.75,208.343994140625,314.34698486328125,190.14700317382812,24.805999755859375,36.39400100708008,,86.7,d38ea15e-color_aug_3.png,0.0
326.5790100097656,159.67599487304688,312.37298583984375,143.4530029296875,28.410999298095703,32.44599914550781,,310.7,d38ea15e-color_aug_3.png,0.0
325.37701416015625,110.79299926757812,313.2309875488281,93.23999786376953,24.291000366210938,35.10599899291992,,246.2,d38ea15e-color_aug_3.png,0.0
383.0150146484375,109.37699890136719,370.9119873046875,91.18000030517578,24.204999923706055,36.39400100708008,,261.8,d38ea15e-color_aug_3.png,0.0
385.63299560546875,157.22999572753906,372.5429992675781,139.16099548339844,26.18000030517578,36.137001037597656,,58.1,d38ea15e-color_aug_3.png,0.0
386.6629943847656,206.7989959716797,368.0799865722656,194.35299682617188,37.16699981689453,24.892000198364258,,26.7,d38ea15e-color_aug_3.png,0.0
364.4639892578125,211.0229949951172,348.0780029296875,192.10499572753906,32.770999908447266,37.83599853515625,,98.8461,d38ea15e-color_aug_4.png,0.0
374.8080139160156,166.86500549316406,357.03900146484375,149.38600158691406,35.5369987487793,34.959999084472656,,322.8461,d38ea15e-color_aug_4.png,0.0
384.16400146484375,122.31199645996094,368.177001953125,104.02799987792969,31.975000381469727,36.56800079345703,,258.3461,d38ea15e-color_aug_4.png,0.0
442.34100341796875,132.27499389648438,426.2569885253906,113.41600036621094,32.16699981689453,37.71900177001953,,273.9461,d38ea15e-color_aug_4.png,0.0
434.6289978027344,176.17100524902344,417.5820007324219,157.23500061035156,34.09400177001953,37.87099838256836,,70.2461,d38ea15e-color_aug_4.png,0.0
424.9519958496094,221.31300354003906,403.60400390625,206.4029998779297,42.69499969482422,29.81999969482422,,38.8461,d38ea15e-color_aug_4.png,0.0
332.2850036621094,160.1739959716797,315.61700439453125,135.718994140625,33.3380012512207,48.90999984741211,,86.7,d38ea15e-color_aug_5.png,0.0
332.05499267578125,94.76799774169922,312.9630126953125,72.96600341796875,38.18199920654297,43.604000091552734,,310.7,d38ea15e-color_aug_5.png,0.0
330.44000244140625,29.072999954223633,314.11700439453125,5.482999801635742,32.64500045776367,47.18000030517578,,246.2,d38ea15e-color_aug_5.png,0.0
407.8999938964844,27.170000076293945,391.635009765625,2.7149999141693115,32.529998779296875,48.90999984741211,,261.8,d38ea15e-color_aug_5.png,0.0
411.41900634765625,91.48100280761719,393.8269958496094,67.197998046875,35.18299865722656,48.56399917602539,,58.1,d38ea15e-color_aug_5.png,0.0
412.8030090332031,158.09800720214844,387.8290100097656,141.3719940185547,49.94900131225586,33.452999114990234,,26.7,d38ea15e-color_aug_5.png,0.0
333.4960021972656,199.80299377441406,315.2309875488281,182.72799682617188,36.53099822998047,34.150001525878906,,57.3831,a12a596c-color_aug_1.png,0.0
312.44000244140625,166.03199768066406,293.49700927734375,149.92100524902344,37.887001037597656,32.2239990234375,,282.5831,a12a596c-color_aug_1.png,0.0
290.03900146484375,132.2220001220703,272.1730041503906,115.40299987792969,35.73099899291992,33.638999938964844,,217.3831,a12a596c-color_aug_1.png,0.0
338.7170104980469,111.62799835205078,320.69500732421875,95.43199920654297,36.04499816894531,32.39099884033203,,277.7831,a12a596c-color_aug_1.png,0.0
360.7860107421875,144.4510040283203,340.0260009765625,129.33999633789062,41.520999908447266,30.222000122070312,,358.8831,a12a596c-color_aug_1.png,0.0
382.8389892578125,177.69400024414062,362.13299560546875,162.58299255371094,41.4119987487793,30.22100067138672,,356.9831,a12a596c-color_aug_1.png,0.0
356.8999938964844,198.89999389648438,342.5,177.60000610351562,28.799999237060547,42.599998474121094,,84.2,a12a596c-color_aug_2.png,0.0
356.54998779296875,142.1999969482422,339.79998779296875,123.69999694824219,33.5,37.0,,309.4,a12a596c-color_aug_2.png,0.0
354.75,84.69999694824219,340.79998779296875,63.599998474121094,27.899999618530273,42.20000076293945,,244.2,a12a596c-color_aug_2.png,0.0
422.04998779296875,84.25,407.1000061035156,64.69999694824219,29.899999618530273,39.099998474121094,,304.6,a12a596c-color_aug_2.png,0.0
424.1499938964844,140.25,402.8999938964844,125.69999694824219,42.5,29.100000381469727,,25.7,a12a596c-color_aug_2.png,0.0
425.95001220703125,196.8000030517578,404.79998779296875,182.1999969482422,42.29999923706055,29.200000762939453,,23.8,a12a596c-color_aug_2.png,0.0
366.39898681640625,220.74600219726562,348.781005859375,203.0709991455078,35.23500061035156,35.349998474121094,,105.884,a12a596c-color_aug_3.png,0.0
383.49700927734375,183.572998046875,364.927001953125,167.1179962158203,37.13999938964844,32.90999984741211,,331.084,a12a596c-color_aug_3.png,0.0
399.7229919433594,145.5,382.51300048828125,128.07200622558594,34.41899871826172,34.85499954223633,,265.884,a12a596c-color_aug_3.png,0.0
451.70599365234375,162.70700073242188,434.20001220703125,146.0330047607422,35.0099983215332,33.34700012207031,,326.284,a12a596c-color_aug_3.png,0.0
436.1700134277344,199.8769989013672,415.3429870605469,184.8350067138672,41.65399932861328,30.083999633789062,,47.384,a12a596c-color_aug_3.png,0.0
420.2349853515625,237.32899475097656,399.4700012207031,222.281005859375,41.529998779296875,30.097000122070312,,45.484,a12a596c-color_aug_3.png,0.0
334.6310119628906,158.39700317382812,321.010009765625,138.25100708007812,27.239999771118164,40.292999267578125,,84.2,a12a596c-color_aug_4.png,0.0
334.29998779296875,104.76799774169922,318.4570007324219,87.2699966430664,31.68600082397461,34.99599838256836,,309.4,a12a596c-color_aug_4.png,0.0
332.59698486328125,50.38199996948242,319.40301513671875,30.424999237060547,26.388999938964844,39.91400146484375,,244.2,a12a596c-color_aug_4.png,0.0
396.25201416015625,49.957000732421875,382.11199951171875,31.465999603271484,28.2810001373291,36.981998443603516,,304.6,a12a596c-color_aug_4.png,0.0
398.2380065917969,102.92400360107422,378.1390075683594,89.16200256347656,40.198001861572266,27.52400016784668,,25.7,a12a596c-color_aug_4.png,0.0
399.9410095214844,156.41099548339844,379.9360046386719,142.6009979248047,40.00899887084961,27.618000030517578,,23.8,a12a596c-color_aug_4.png,0.0
361.8999938964844,215.89999389648438,347.5,194.60000610351562,28.799999237060547,42.599998474121094,,84.2,a12a596c-color_aug_5.png,0.0
361.54998779296875,159.1999969482422,344.79998779296875,140.6999969482422,33.5,37.0,,309.4,a12a596c-color_aug_5.png,0.0
359.75,101.69999694824219,345.79998779296875,80.5999984741211,27.899999618530273,42.20000076293945,,244.2,a12a596c-color_aug_5.png,0.0
427.04998779296875,101.25,412.1000061035156,81.69999694824219,29.899999618530273,39.099998474121094,,304.6,a12a596c-color_aug_5.png,0.0
429.1499938964844,157.25,407.8999938964844,142.6999969482422,42.5,29.100000381469727,,25.7,a12a596c-color_aug_5.png,0.0
430.95001220703125,213.8000030517578,409.79998779296875,199.1999969482422,42.29999923706055,29.200000762939453,,23.8,a12a596c-color_aug_5.png,0.0
356.99798583984375,204.91000366210938,340.4209899902344,186.00999450683594,33.15399932861328,37.79999923706055,,95.3163,291c88b4-color_aug_1.png,0.0
369.4460144042969,161.7220001220703,351.9739990234375,144.47000122070312,34.94300079345703,34.50299835205078,,319.7163,291c88b4-color_aug_1.png,0.0
380.739990234375,119.33599853515625,363.5929870605469,102.40499877929688,34.292999267578125,33.86199951171875,,245.0163,291c88b4-color_aug_1.png,0.0
438.57598876953125,132.1840057373047,417.7460021972656,117.61100006103516,41.6609992980957,29.145999908447266,,351.4163,291c88b4-color_aug_1.png,0.0
416.0329895019531,217.80999755859375,395.00299072265625,203.08700561523438,42.06100082397461,29.445999145507812,,32.8163,291c88b4-color_aug_1.png,0.0
426.8240051269531,174.43299865722656,405.7909851074219,159.24200439453125,42.066001892089844,30.382999420166016,,35.3163,291c88b4-color_aug_1.png,0.0
319.83599853515625,180.21499633789062,305.1400146484375,159.60699462890625,29.392000198364258,41.21699905395508,,79.9953,291c88b4-color_aug_2.png,0.0
318.9989929199219,125.78199768066406,302.9010009765625,107.8219985961914,32.19599914550781,35.91899871826172,,305.3948,291c88b4-color_aug_2.png,0.0
317.2179870605469,73.20899963378906,301.5119934082031,55.77299880981445,31.410999298095703,34.87200164794922,,230.2021,291c88b4-color_aug_2.png,0.0
382.1319885253906,74.24600219726562,361.41900634765625,60.88399887084961,41.42599868774414,26.722999572753906,,338.3077,291c88b4-color_aug_2.png,0.0
386.7900085449219,180.94000244140625,365.6319885253906,167.14999389648438,42.316001892089844,27.582000732421875,,19.4164,291c88b4-color_aug_2.png,0.0
383.7550048828125,126.73899841308594,362.8399963378906,112.47799682617188,41.83000183105469,28.52199935913086,,21.7556,291c88b4-color_aug_2.png,0.0
351.65899658203125,208.15199279785156,335.63800048828125,187.78500366210938,32.04199981689453,40.73400115966797,,89.4336,291c88b4-color_aug_3.png,0.0
359.29998779296875,159.1490020751953,342.1700134277344,140.61900329589844,34.2599983215332,37.06100082397461,,312.6671,291c88b4-color_aug_3.png,0.0
365.9110107421875,110.80599975585938,349.04998779296875,92.48999786376953,33.72100067138672,36.632999420166016,,240.9955,291c88b4-color_aug_3.png,0.0
426.2090148925781,120.33999633789062,405.32000732421875,105.08599853515625,41.77899932861328,30.506999969482422,,345.769,291c88b4-color_aug_3.png,0.0
412.77099609375,217.6060028076172,391.81201171875,202.4239959716797,41.91699981689453,30.363000869750977,,29.2382,291c88b4-color_aug_3.png,0.0
418.9169921875,168.54600524902344,397.9259948730469,152.70700073242188,41.98099899291992,31.679000854492188,,31.833,291c88b4-color_aug_3.png,0.0
329.885009765625,197.5570068359375,311.9639892578125,180.78500366210938,35.84199905395508,33.54499816894531,,60.5592,291c88b4-color_aug_4.png,0.0
314.91400146484375,163.05799865722656,296.62799072265625,147.54200744628906,36.573001861572266,31.030000686645508,,286.6501,291c88b4-color_aug_4.png,0.0
299.6109924316406,129.8040008544922,281.6759948730469,114.7040023803711,35.869998931884766,30.198999404907227,,208.6527,291c88b4-color_aug_4.png,0.0
350.3059997558594,113.05500030517578,330.0639953613281,99.30500030517578,40.48400115966797,27.5,,317.4289,291c88b4-color_aug_4.png,0.0
381.6659851074219,179.90899658203125,361.1929931640625,165.7689971923828,40.94599914550781,28.280000686645508,,356.4792,291c88b4-color_aug_4.png,0.0
365.2619934082031,146.2259979248047,344.7019958496094,131.86099243164062,41.12099838256836,28.731000900268555,,359.0159,291c88b4-color_aug_4.png,0.0
376.99200439453125,202.9029998779297,361.9440002441406,182.24099731445312,30.094999313354492,41.32500076293945,,85.4686,291c88b4-color_aug_5.png,0.0
381.3999938964844,150.08700561523438,364.9150085449219,131.70199584960938,32.96900177001953,36.76900100708008,,309.8686,291c88b4-color_aug_5.png,0.0
384.72900390625,98.41999816894531,368.552001953125,80.3759994506836,32.35499954223633,36.08599853515625,,235.1686,291c88b4-color_aug_5.png,0.0
449.9590148925781,102.93399810791016,428.90301513671875,88.63800048828125,42.112998962402344,28.591999053955078,,341.5686,291c88b4-color_aug_5.png,0.0
443.52899169921875,207.25999450683594,422.27301025390625,192.81300354003906,42.51300048828125,28.89299964904785,,22.9686,291c88b4-color_aug_5.png,0.0
446.1059875488281,154.52499389648438,424.9570007324219,139.48300170898438,42.29899978637695,30.08300018310547,,25.4686,291c88b4-color_aug_5.png,0.0
373.45001220703125,223.3000030517578,359.79998779296875,201.8000030517578,27.299999237060547,43.0,,83.8,2c073c5b-color_aug_1.png,0.0
374.70001220703125,166.35000610351562,360.3999938964844,144.8000030517578,28.600000381469727,43.099998474121094,,275.0,2c073c5b-color_aug_1.png,0.0
373.8500061035156,110.19999694824219,359.29998779296875,89.4000015258789,29.100000381469727,41.599998474121094,,271.6,2c073c5b-color_aug_1.png,0.0
442.54998779296875,111.30000305175781,427.29998779296875,90.69999694824219,30.5,41.20000076293945,,300.8,2c073c5b-color_aug_1.png,0.0
443.25,167.39999389648438,421.79998779296875,152.5,42.900001525878906,29.799999237060547,,349.8,2c073c5b-color_aug_1.png,0.0
442.75,224.10000610351562,421.20001220703125,209.89999389648438,43.099998474121094,28.399999618530273,,0.0,2c073c5b-color_aug_1.png,0.0
341.56298828125,191.68499755859375,326.5820007324219,171.83900451660156,29.961000442504883,39.69200134277344,,76.4414,2c073c5b-color_aug_2.png,0.0
335.9949951171875,142.96200561523438,320.4159851074219,123.0009994506836,31.158000946044922,39.92100143432617,,267.6414,2c073c5b-color_aug_2.png,0.0
328.60699462890625,95.1520004272461,312.88800048828125,75.80400085449219,31.437999725341797,38.69599914550781,,264.2414,2c073c5b-color_aug_2.png,0.0
391.3890075683594,88.52100372314453,375.05499267578125,69.26699829101562,32.66699981689453,38.50899887084961,,293.4414,2c073c5b-color_aug_2.png,0.0
398.6340026855469,136.30499267578125,377.3179931640625,121.2300033569336,42.632999420166016,30.149999618530273,,342.4414,2c073c5b-color_aug_2.png,0.0
404.8559875488281,184.73199462890625,383.531005859375,170.24400329589844,42.6510009765625,28.976999282836914,,352.6414,2c073c5b-color_aug_2.png,0.0
349.8429870605469,188.3509979248047,336.4649963378906,167.27999877929688,26.756000518798828,42.141998291015625,,83.8,2c073c5b-color_aug_3.png,0.0
351.0679931640625,132.53700256347656,337.0530090332031,111.41600036621094,28.030000686645508,42.2400016784668,,275.0,2c073c5b-color_aug_3.png,0.0
350.2349853515625,77.50599670410156,335.9750061035156,57.12099838256836,28.520000457763672,40.77000045776367,,271.6,2c073c5b-color_aug_3.png,0.0
417.56500244140625,78.58499908447266,402.6189880371094,58.39500045776367,29.892000198364258,40.37799835205078,,300.8,2c073c5b-color_aug_3.png,0.0
418.2510070800781,133.5659942626953,397.2279968261719,118.96299743652344,42.04399871826172,29.20599937438965,,349.8,2c073c5b-color_aug_3.png,0.0
417.760986328125,189.13499450683594,396.6400146484375,175.21800231933594,42.2400016784668,27.833999633789062,,0.0,2c073c5b-color_aug_3.png,0.0
341.9129943847656,175.8800048828125,327.1310119628906,153.63600158691406,29.56399917602539,44.48899841308594,,85.8932,2c073c5b-color_aug_4.png,0.0
345.27301025390625,117.63700103759766,329.9750061035156,95.79199981689453,30.59600067138672,43.68899917602539,,277.0422,2c073c5b-color_aug_4.png,0.0
346.4309997558594,61.41899871826172,331.0580139160156,40.59400177001953,30.746000289916992,41.64899826049805,,273.6748,2c073c5b-color_aug_4.png,0.0
416.3169860839844,61.571998596191406,400.1159973144531,40.6879997253418,32.4010009765625,41.76900100708008,,302.2295,2c073c5b-color_aug_4.png,0.0
415.7250061035156,118.38400268554688,393.0559997558594,103.05000305175781,45.3390007019043,30.667999267578125,,349.7917,2c073c5b-color_aug_4.png,0.0
413.80999755859375,177.093994140625,390.8320007324219,162.13699340820312,45.95600128173828,29.913999557495117,,0.3513,2c073c5b-color_aug_4.png,0.0
327.3299865722656,196.97000122070312,309.9230041503906,179.08900451660156,34.814998626708984,35.76100158691406,,61.9983,2c073c5b-color_aug_5.png,0.0
310.4859924316406,158.86700439453125,292.5539855957031,140.781005859375,35.862998962402344,36.17300033569336,,253.1983,2c073c5b-color_aug_5.png,0.0
292.2489929199219,121.85299682617188,274.3559875488281,104.1969985961914,35.78499984741211,35.310001373291016,,249.7983,2c073c5b-color_aug_5.png,0.0
346.34100341796875,104.35600280761719,327.9639892578125,86.64800262451172,36.755001068115234,35.41600036621094,,278.9983,2c073c5b-color_aug_5.png,0.0
364.44500732421875,141.3780059814453,343.0010070800781,125.80500030517578,42.888999938964844,31.145000457763672,,327.9983,2c073c5b-color_aug_5.png,0.0
381.7980041503906,179.11500549316406,360.4939880371094,163.97999572753906,42.606998443603516,30.270000457763672,,338.1983,2c073c5b-color_aug_5.png,0.0
362.41400146484375,217.50599670410156,343.4150085449219,200.98599243164062,37.99800109863281,33.03900146484375,,80.3392,5cacee7d-color_aug_1.png,0.0
382.3890075683594,183.24000549316406,364.0199890136719,166.10899353027344,36.73699951171875,34.262001037597656,,304.5392,5cacee7d-color_aug_1.png,0.0
402.8559875488281,149.06199645996094,384.5780029296875,131.99099731445312,36.55500030517578,34.143001556396484,,294.7392,5cacee7d-color_aug_1.png,0.0
451.7980041503906,170.35899353027344,433.8789978027344,154.072998046875,35.8390007019043,32.57099914550781,,324.4392,5cacee7d-color_aug_1.png,0.0
431.68798828125,203.406005859375,413.5719909667969,186.65199279785156,36.231998443603516,33.507999420166016,,327.5392,5cacee7d-color_aug_1.png,0.0
411.7539978027344,238.28900146484375,391.35699462890625,222.11399841308594,40.79399871826172,32.349998474121094,,351.6392,5cacee7d-color_aug_1.png,0.0
352.4939880371094,184.33299255371094,335.8909912109375,164.97300720214844,33.20600128173828,38.720001220703125,,54.2471,5cacee7d-color_aug_2.png,0.0
352.00799560546875,127.6709976196289,337.23199462890625,106.48300170898438,29.552000045776367,42.37699890136719,,278.3192,5cacee7d-color_aug_2.png,0.0
352.1239929199219,71.02799987792969,337.4700012207031,49.96099853515625,29.308000564575195,42.132999420166016,,268.5144,5cacee7d-color_aug_2.png,0.0
420.0710144042969,73.05699920654297,405.17401123046875,53.37099838256836,29.795000076293945,39.37200164794922,,298.2271,5cacee7d-color_aug_2.png,0.0
419.7019958496094,128.04299926757812,404.9330139160156,107.44100189208984,29.538999557495117,41.20500183105469,,301.3145,5cacee7d-color_aug_2.png,0.0
420.7439880371094,185.55099487304688,401.18701171875,168.1719970703125,39.1150016784668,34.75699996948242,,325.5271,5cacee7d-color_aug_2.png,0.0
358.6730041503906,207.8509979248047,340.5459899902344,190.48199462890625,36.25400161743164,34.737998962402344,,69.6898,5cacee7d-color_aug_3.png,0.0
371.3039855957031,166.5469970703125,354.2279968261719,148.15899658203125,34.15299987792969,36.7760009765625,,293.8898,5cacee7d-color_aug_3.png,0.0
384.4649963378906,125.25499725341797,367.4830017089844,106.92400360107422,33.9640007019043,36.66299819946289,,284.0898,5cacee7d-color_aug_3.png,0.0
440.2340087890625,140.38400268554688,423.4100036621094,123.03199768066406,33.64899826049805,34.70199966430664,,313.7898,5cacee7d-color_aug_3.png,0.0
427.17498779296875,180.36399841308594,410.27899169921875,162.4239959716797,33.792999267578125,35.88100051879883,,316.8898,5cacee7d-color_aug_3.png,0.0
414.7330017089844,222.34300231933594,394.6679992675781,205.84300231933594,40.130001068115234,33.000999450683594,,340.9898,5cacee7d-color_aug_3.png,0.0
357.9230041503906,205.69500732421875,339.9679870605469,188.12600708007812,35.9109992980957,35.13800048828125,,67.6696,5cacee7d-color_aug_4.png,0.0
369.0580139160156,162.8070068359375,352.239990234375,144.1280059814453,33.637001037597656,37.35900115966797,,291.8696,5cacee7d-color_aug_4.png,0.0
380.73199462890625,119.91500091552734,364.0090026855469,101.29100036621094,33.446998596191406,37.24599838256836,,282.0696,5cacee7d-color_aug_4.png,0.0
437.9159851074219,133.69200134277344,421.3089904785156,116.09300231933594,33.2140007019043,35.198001861572266,,311.7696,5cacee7d-color_aug_4.png,0.0
426.2929992675781,175.23300170898438,409.6390075683594,157.01699829101562,33.30699920654297,36.430999755859375,,314.8696,5cacee7d-color_aug_4.png,0.0
415.3760070800781,218.8090057373047,395.3710021972656,202.22500610351562,40.00899887084961,33.16899871826172,,338.9696,5cacee7d-color_aug_4.png,0.0
347.989990234375,182.6009979248047,330.87200927734375,162.78700256347656,34.23699951171875,39.62799835205078,,53.931,5cacee7d-color_aug_5.png,0.0
347.2279968261719,124.38899993896484,331.9540100097656,102.61100006103516,30.54800033569336,43.555999755859375,,278.0505,5cacee7d-color_aug_5.png,0.0
347.0830078125,66.02100372314453,331.9119873046875,44.28499984741211,30.341999053955078,43.472999572753906,,268.2584,5cacee7d-color_aug_5.png,0.0
417.03399658203125,67.65499877929688,401.6390075683594,47.345001220703125,30.788999557495117,40.619998931884766,,297.9653,5cacee7d-color_aug_5.png,0.0
416.80999755859375,124.31700134277344,401.5669860839844,103.14099884033203,30.48699951171875,42.35200119018555,,301.0776,5cacee7d-color_aug_5.png,0.0
418.0419921875,183.3979949951172,397.9159851074219,165.625,40.25199890136719,35.54499816894531,,325.2435,5cacee7d-color_aug_5.png,0.0
350.0570068359375,185.5919952392578,333.4419860839844,166.06199645996094,33.231998443603516,39.058998107910156,,52.7451,42f1d5fe-color_aug_1.png,0.0
351.7929992675781,128.16099548339844,336.62701416015625,106.38099670410156,30.332000732421875,43.558998107910156,,278.1971,42f1d5fe-color_aug_1.png,0.0
351.2749938964844,70.80799865722656,336.47698974609375,49.08300018310547,29.597000122070312,43.44900131225586,,270.5582,42f1d5fe-color_aug_1.png,0.0
421.62200927734375,70.85199737548828,396.3169860839844,46.332000732421875,50.61000061035156,49.04100036621094,,318.5936,42f1d5fe-color_aug_1.png,0.0
420.0350036621094,128.33399963378906,404.7239990234375,107.69499969482422,30.621999740600586,41.277000427246094,,301.1015,42f1d5fe-color_aug_1.png,0.0
420.0329895019531,185.822998046875,400.9960021972656,168.1009979248047,38.07400131225586,35.44499969482422,,320.3091,42f1d5fe-color_aug_1.png,0.0
382.04998779296875,185.10000610351562,365.8999938964844,165.8000030517578,32.29999923706055,38.599998474121094,,53.0,42f1d5fe-color_aug_2.png,0.0
383.20001220703125,128.25,368.6000061035156,107.0,29.200000762939453,42.5,,277.6,42f1d5fe-color_aug_2.png,0.0
382.1499938964844,72.19999694824219,368.0,51.29999923706055,28.299999237060547,41.79999923706055,,270.0,42f1d5fe-color_aug_2.png,0.0
450.25,73.1500015258789,426.20001220703125,49.70000076293945,48.099998474121094,46.900001525878906,,318.5,42f1d5fe-color_aug_2.png,0.0
449.75,129.1999969482422,435.20001220703125,109.0999984741211,29.100000381469727,40.20000076293945,,300.3,42f1d5fe-color_aug_2.png,0.0
450.75,186.0500030517578,432.3999938964844,168.60000610351562,36.70000076293945,34.900001525878906,,319.8,42f1d5fe-color_aug_2.png,0.0
354.7510070800781,180.79400634765625,336.6759948730469,159.19400024414062,36.150001525878906,43.20100021362305,,53.0,42f1d5fe-color_aug_3.png,0.0
356.0379943847656,117.16699981689453,339.697998046875,93.38400268554688,32.680999755859375,47.566001892089844,,277.6,42f1d5fe-color_aug_3.png,0.0
354.8630065917969,54.43600082397461,339.0260009765625,31.045000076293945,31.67300033569336,46.78300094604492,,270.0,42f1d5fe-color_aug_3.png,0.0
431.08099365234375,55.499000549316406,404.16400146484375,29.253999710083008,53.83399963378906,52.49100112915039,,318.5,42f1d5fe-color_aug_3.png,0.0
430.52099609375,118.23100280761719,414.23699951171875,95.73500061035156,32.569000244140625,44.992000579833984,,300.3,42f1d5fe-color_aug_3.png,0.0
431.6400146484375,181.85699462890625,411.1029968261719,162.32699584960938,41.07500076293945,39.060001373291016,,319.8,42f1d5fe-color_aug_3.png,0.0
346.6239929199219,194.63999938964844,332.7760009765625,178.09100341796875,27.695999145507812,33.097999572753906,,53.0,42f1d5fe-color_aug_4.png,0.0
347.6099853515625,145.89300537109375,335.09100341796875,127.6719970703125,25.038000106811523,36.44200134277344,,277.6,42f1d5fe-color_aug_4.png,0.0
346.7099914550781,97.83200073242188,334.5769958496094,79.91200256347656,24.266000747680664,35.84199905395508,,270.0,42f1d5fe-color_aug_4.png,0.0
405.1029968261719,98.64700317382812,384.4809875488281,78.54000091552734,41.24399948120117,40.21500015258789,,318.5,42f1d5fe-color_aug_4.png,0.0
404.67498779296875,146.70799255371094,392.197998046875,129.47300720214844,24.95199966430664,34.470001220703125,,300.3,42f1d5fe-color_aug_4.png,0.0
405.5320129394531,195.4550018310547,389.7980041503906,180.49200439453125,31.4689998626709,29.924999237060547,,319.8,42f1d5fe-color_aug_4.png,0.0
323.6319885253906,228.99099731445312,307.3370056152344,209.85800170898438,32.5890007019043,38.26599884033203,,54.1182,42f1d5fe-color_aug_5.png,0.0
325.8599853515625,173.55999755859375,311.0559997558594,152.55499267578125,29.60700035095215,42.01100158691406,,278.7182,42f1d5fe-color_aug_5.png,0.0
325.90301513671875,118.86799621582031,311.54998779296875,98.21199798583984,28.707000732421875,41.3120002746582,,271.1182,42f1d5fe-color_aug_5.png,0.0
393.02801513671875,121.09100341796875,368.864013671875,97.75900268554688,48.32699966430664,46.66299819946289,,319.6182,42f1d5fe-color_aug_5.png,0.0
391.45599365234375,175.75399780273438,376.7239990234375,155.87100219726562,29.46500015258789,39.76599884033203,,301.4182,42f1d5fe-color_aug_5.png,0.0
391.3479919433594,231.2259979248047,372.9200134277344,213.85499572753906,36.85599899291992,34.74100112915039,,320.9182,42f1d5fe-color_aug_5.png,0.0
354.3330078125,197.68099975585938,334.322998046875,182.71299743652344,40.02000045776367,29.937999725341797,,34.5469,71f023c4-color_aug_1.png,0.0
356.3760070800781,147.0500030517578,341.1780090332031,126.91100311279297,30.398000717163086,40.27899932861328,,264.8469,71f023c4-color_aug_1.png,0.0
359.5409851074219,96.55999755859375,341.0199890136719,79.63600158691406,37.04199981689453,33.847999572753906,,225.9469,71f023c4-color_aug_1.png,0.0
424.0350036621094,100.56600189208984,405.6289978027344,84.36199951171875,36.8129997253418,32.40999984741211,,322.8469,71f023c4-color_aug_1.png,0.0
420.5,150.48399353027344,399.82501220703125,135.3699951171875,41.3489990234375,30.229000091552734,,339.3469,71f023c4-color_aug_1.png,0.0
418.32501220703125,201.50900268554688,398.822998046875,185.0330047607422,39.00299835205078,32.95199966430664,,330.2469,71f023c4-color_aug_1.png,0.0
346.8110046386719,193.927001953125,327.8039855957031,179.71499633789062,38.01300048828125,28.423999786376953,,26.2807,71f023c4-color_aug_2.png,0.0
341.3559875488281,144.093994140625,327.2409973144531,124.57599639892578,28.229999542236328,39.03799819946289,,256.5807,71f023c4-color_aug_2.png,0.0
337.0,94.24800109863281,319.5199890136719,78.04100036621094,34.959999084472656,32.41400146484375,,217.6807,71f023c4-color_aug_2.png,0.0
399.60198974609375,89.427001953125,382.2070007324219,73.93099975585938,34.78900146484375,30.992000579833984,,314.5807,71f023c4-color_aug_2.png,0.0
403.5169982910156,138.76300048828125,383.86700439453125,124.42900085449219,39.30099868774414,28.66900062561035,,331.0807,71f023c4-color_aug_2.png,0.0
408.90301513671875,188.99899291992188,390.4490051269531,173.27099609375,36.909000396728516,31.457000732421875,,321.9807,71f023c4-color_aug_2.png,0.0
368.6419982910156,203.72000122070312,348.62298583984375,188.76300048828125,40.0369987487793,29.913000106811523,,35.2783,71f023c4-color_aug_3.png,0.0
371.3429870605469,153.86300659179688,356.0199890136719,133.88299560546875,30.64699935913086,39.96099853515625,,265.5783,71f023c4-color_aug_3.png,0.0
375.156005859375,104.15899658203125,356.5849914550781,87.29900360107422,37.14099884033203,33.720001220703125,,226.6783,71f023c4-color_aug_3.png,0.0
439.1210021972656,108.87899780273438,420.67401123046875,92.72699737548828,36.89500045776367,32.30400085449219,,323.5783,71f023c4-color_aug_3.png,0.0
434.947998046875,158.01499938964844,414.2699890136719,142.90699768066406,41.356998443603516,30.215999603271484,,340.0783,71f023c4-color_aug_3.png,0.0
432.1109924316406,208.25799560546875,412.57501220703125,191.8260040283203,39.07099914550781,32.86399841308594,,330.9783,71f023c4-color_aug_3.png,0.0
357.1579895019531,188.6699981689453,337.00299072265625,173.71200561523438,40.308998107910156,29.91699981689453,,32.3558,71f023c4-color_aug_4.png,0.0
357.66900634765625,137.19400024414062,342.59600830078125,116.91999816894531,30.145000457763672,40.54899978637695,,263.0606,71f023c4-color_aug_4.png,0.0
359.32501220703125,85.91999816894531,340.7860107421875,69.01000213623047,37.07899856567383,33.81800079345703,,223.6978,71f023c4-color_aug_4.png,0.0
425.1619873046875,88.0510025024414,406.7130126953125,71.8759994506836,36.89899826049805,32.35100173950195,,321.5994,71f023c4-color_aug_4.png,0.0
423.1730041503906,138.74099731445312,402.3550109863281,123.68099975585938,41.6349983215332,30.121000289916992,,337.9149,71f023c4-color_aug_4.png,0.0
422.6029968261719,190.61399841308594,402.9989929199219,174.11199951171875,39.20800018310547,33.00199890136719,,328.8794,71f023c4-color_aug_4.png,0.0
361.5419921875,219.2220001220703,341.552001953125,204.24000549316406,39.97999954223633,29.96500015258789,,55.6577,71f023c4-color_aug_5.png,0.0
379.7409973144531,184.3070068359375,361.6440124511719,167.218994140625,36.194000244140625,34.176998138427734,,285.9577,71f023c4-color_aug_5.png,0.0
398.79901123046875,149.77999877929688,379.2770080566406,133.9149932861328,39.04399871826172,31.731000900268555,,247.0577,71f023c4-color_aug_5.png,0.0
449.5419921875,169.1999969482422,430.343994140625,153.83299255371094,38.39500045776367,30.735000610351562,,343.9577,71f023c4-color_aug_5.png,0.0
430.37200927734375,203.2310028076172,409.8340148925781,187.97999572753906,41.07400131225586,30.503000259399414,,0.4577,71f023c4-color_aug_5.png,0.0
411.93701171875,238.38800048828125,391.8280029296875,222.5570068359375,40.21900177001953,31.66200065612793,,351.3577,71f023c4-color_aug_5.png,0.0
329.0429992675781,226.6179962158203,310.8630065917969,213.1060028076172,36.36000061035156,27.023000717163086,,32.7,ed54ad54-color_aug_1.png,0.0
389.59698486328125,224.64300537109375,376.6700134277344,205.38600158691406,25.856000900268555,38.513999938964844,,293.4,ed54ad54-color_aug_1.png,0.0
387.4880065917969,174.00799560546875,369.0379943847656,161.03599548339844,36.89799880981445,25.945999145507812,,334.1,ed54ad54-color_aug_1.png,0.0
385.51300048828125,123.95800018310547,366.07598876953125,111.29900360107422,38.87300109863281,25.316999435424805,,2.3,ed54ad54-color_aug_1.png,0.0
326.0799865722656,176.1179962158203,313.2869873046875,158.16299438476562,25.586000442504883,35.9109992980957,,298.7,ed54ad54-color_aug_1.png,0.0
324.19500732421875,125.93299865722656,307.8999938964844,110.58100128173828,32.5890007019043,30.70400047302246,,224.0,ed54ad54-color_aug_1.png,0.0
331.10400390625,191.17300415039062,310.88800048828125,176.0540008544922,40.43199920654297,30.238000869750977,,56.5569,ed54ad54-color_aug_2.png,0.0
382.5150146484375,208.57400512695312,364.5679931640625,191.0540008544922,35.89500045776367,35.04100036621094,,317.2569,ed54ad54-color_aug_2.png,0.0
399.489990234375,172.3979949951172,379.24798583984375,157.572998046875,40.48400115966797,29.649999618530273,,357.9569,ed54ad54-color_aug_2.png,0.0
416.36199951171875,136.6719970703125,395.4100036621094,121.76100158691406,41.904998779296875,29.82200050354004,,26.1569,ed54ad54-color_aug_2.png,0.0
347.31500244140625,154.8260040283203,329.9630126953125,138.25999450683594,34.70500183105469,33.13100051879883,,322.5569,ed54ad54-color_aug_2.png,0.0
364.31201171875,119.03399658203125,344.9930114746094,103.20899963378906,38.638999938964844,31.650999069213867,,247.8569,ed54ad54-color_aug_2.png,0.0
329.375,176.4980010986328,309.11199951171875,161.41200256347656,40.527000427246094,30.173999786376953,,26.9469,ed54ad54-color_aug_3.png,0.0
391.9620056152344,168.5570068359375,376.54400634765625,148.34100341796875,30.834999084472656,40.43299865722656,,287.6469,ed54ad54-color_aug_3.png,0.0
384.4840087890625,118.97799682617188,363.99798583984375,104.39399719238281,40.972999572753906,29.167999267578125,,328.3469,ed54ad54-color_aug_3.png,0.0
377.2070007324219,69.95899963378906,355.7300109863281,55.58599853515625,42.95600128173828,28.7450008392334,,356.5469,ed54ad54-color_aug_3.png,0.0
321.0270080566406,127.13600158691406,305.885009765625,108.21299743652344,30.284000396728516,37.84600067138672,,292.9469,ed54ad54-color_aug_3.png,0.0
313.8290100097656,77.9749984741211,295.3280029296875,61.26599884033203,37.00199890136719,33.41899871826172,,218.2469,ed54ad54-color_aug_3.png,0.0
385.3500061035156,150.4499969482422,365.1000061035156,135.39999389648438,40.5,30.100000381469727,,32.7,ed54ad54-color_aug_4.png,0.0
452.79998779296875,148.25,438.3999938964844,126.80000305175781,28.799999237060547,42.900001525878906,,293.4,ed54ad54-color_aug_4.png,0.0
450.45001220703125,91.8499984741211,429.8999938964844,77.4000015258789,41.099998474121094,28.899999618530273,,334.1,ed54ad54-color_aug_4.png,0.0
448.25,36.099998474121094,426.6000061035156,22.0,43.29999923706055,28.200000762939453,,2.3,ed54ad54-color_aug_4.png,0.0
382.04998779296875,94.19999694824219,367.79998779296875,74.19999694824219,28.5,40.0,,298.7,ed54ad54-color_aug_4.png,0.0
379.95001220703125,38.29999923706055,361.79998779296875,21.200000762939453,36.29999923706055,34.20000076293945,,224.0,ed54ad54-color_aug_4.png,0.0
360.3500061035156,157.4499969482422,340.1000061035156,142.39999389648438,40.5,30.100000381469727,,32.7,ed54ad54-color_aug_5.png,0.0
427.79998779296875,155.25,413.3999938964844,133.8000030517578,28.799999237060547,42.900001525878906,,293.4,ed54ad54-color_aug_5.png,0.0
425.45001220703125,98.8499984741211,404.8999938964844,84.4000015258789,41.099998474121094,28.899999618530273,,334.1,ed54ad54-color_aug_5.png,0.0
423.25,43.099998474121094,401.6000061035156,29.0,43.29999923706055,28.200000762939453,,2.3,ed54ad54-color_aug_5.png,0.0
357.04998779296875,101.19999694824219,342.79998779296875,81.19999694824219,28.5,40.0,,298.7,ed54ad54-color_aug_5.png,0.0
354.95001220703125,45.29999923706055,336.79998779296875,28.200000762939453,36.29999923706055,34.20000076293945,,224.0,ed54ad54-color_aug_5.png,0.0
365.49798583984375,190.39599609375,343.30999755859375,174.90199279785156,44.375,30.98699951171875,,14.0759,087dcfd7-color_aug_1.png,0.0
435.0929870605469,185.9600067138672,419.4309997558594,163.0500030517578,31.323999404907227,45.81999969482422,,291.4488,087dcfd7-color_aug_1.png,0.0
434.5539855957031,125.3270034790039,412.2879943847656,109.11900329589844,44.53300094604492,32.41699981689453,,339.1064,087dcfd7-color_aug_1.png,0.0
434.9639892578125,65.78299713134766,412.24798583984375,48.88100051879883,45.430999755859375,33.80400085449219,,16.8298,087dcfd7-color_aug_1.png,0.0
364.60101318359375,129.3419952392578,348.67401123046875,106.87699890136719,31.854999542236328,44.93000030517578,,297.4438,087dcfd7-color_aug_1.png,0.0
365.9530029296875,68.70600128173828,343.25,52.49300003051758,45.40599822998047,32.42599868774414,,197.2036,087dcfd7-color_aug_1.png,0.0
347.6310119628906,196.0970001220703,328.9469909667969,183.77200317382812,37.36800003051758,24.64900016784668,,14.4,087dcfd7-color_aug_2.png,0.0
407.718994140625,193.72799682617188,394.9989929199219,175.17599487304688,25.437999725341797,37.10499954223633,,290.4,087dcfd7-color_aug_2.png,0.0
404.9989929199219,144.12399291992188,386.40301513671875,131.31700134277344,37.19300079345703,25.61400032043457,,340.9,087dcfd7-color_aug_2.png,0.0
403.1570129394531,95.96600341796875,384.2980041503906,82.72100067138672,37.71900177001953,26.490999221801758,,16.6,087dcfd7-color_aug_2.png,0.0
344.9119873046875,146.22900390625,331.92999267578125,128.24600219726562,25.96500015258789,35.96500015258789,,297.3,087dcfd7-color_aug_2.png,0.0
344.1659851074219,97.23799896240234,325.26300048828125,84.56300354003906,37.80699920654297,25.35099983215332,,197.0,087dcfd7-color_aug_2.png,0.0
387.6759948730469,191.31199645996094,366.3810119628906,177.22000122070312,42.590999603271484,28.183000564575195,,13.7337,087dcfd7-color_aug_3.png,0.0
455.6090087890625,187.86500549316406,440.97900390625,166.85499572753906,29.26099967956543,42.02199935913086,,289.7337,087dcfd7-color_aug_3.png,0.0
451.8810119628906,132.16799926757812,430.6780090332031,117.53500366210938,42.404998779296875,29.263999938964844,,340.2337,087dcfd7-color_aug_3.png,0.0
449.16400146484375,78.08399963378906,427.6579895019531,62.95600128173828,43.012001037597656,30.256999969482422,,15.9337,087dcfd7-color_aug_3.png,0.0
383.9440002441406,135.3179931640625,369.02398681640625,114.94499969482422,29.841999053955078,40.74700164794922,,296.6337,087dcfd7-color_aug_3.png,0.0
382.45599365234375,80.28399658203125,360.9079895019531,65.7959976196289,43.09600067138672,28.976999282836914,,196.3337,087dcfd7-color_aug_3.png,0.0
359.9490051269531,180.0919952392578,336.6510009765625,164.36000061035156,46.59700012207031,31.46299934387207,,12.856,087dcfd7-color_aug_4.png,0.0
433.0580139160156,175.18099975585938,417.0530090332031,152.10800170898438,32.0099983215332,46.14699935913086,,288.7962,087dcfd7-color_aug_4.png,0.0
428.1759948730469,114.49199676513672,405.12799072265625,98.20600128173828,46.09700012207031,32.57400131225586,,339.3501,087dcfd7-color_aug_4.png,0.0
424.3900146484375,55.10900115966797,400.9159851074219,38.23899841308594,46.94900131225586,33.7400016784668,,15.6286,087dcfd7-color_aug_4.png,0.0
354.7969970703125,118.81700134277344,338.1910095214844,96.23600006103516,33.21099853515625,45.1619987487793,,295.5224,087dcfd7-color_aug_4.png,0.0
352.0400085449219,58.154998779296875,328.27099609375,41.92300033569336,47.5369987487793,32.46500015258789,,195.9395,087dcfd7-color_aug_4.png,0.0
338.4630126953125,180.32000732421875,316.07501220703125,165.9290008544922,44.777000427246094,28.781999588012695,,14.5517,087dcfd7-color_aug_5.png,0.0
407.4429931640625,177.8990020751953,391.3450012207031,156.27200317382812,32.196998596191406,43.255001068115234,,286.8984,087dcfd7-color_aug_5.png,0.0
400.5159912109375,120.28500366210938,378.10198974609375,105.36799621582031,44.827999114990234,29.834999084472656,,340.5055,087dcfd7-color_aug_5.png,0.0
394.7130126953125,64.44599914550781,371.9849853515625,49.08300018310547,45.45600128173828,30.726999282836914,,16.4304,087dcfd7-color_aug_5.png,0.0
331.5719909667969,122.53800201416016,315.322998046875,101.67900085449219,32.49800109863281,41.71699905395508,,294.0873,087dcfd7-color_aug_5.png,0.0
327.0369873046875,65.86100006103516,304.4159851074219,51.189998626708984,45.242000579833984,29.341999053955078,,196.8596,087dcfd7-color_aug_5.png,0.0
342.2340087890625,164.47500610351562,329.9700012207031,145.50599670410156,24.527999877929688,37.93899917602539,,72.6,63d46396-color_aug_1.png,0.0
394.9070129394531,107.16999816894531,377.3489990234375,93.18599700927734,35.1150016784668,27.9689998626709,,213.9,63d46396-color_aug_1.png,0.0
442.4630126953125,168.5780029296875,428.6990051269531,150.44700622558594,27.527999877929688,36.262001037597656,,123.1,63d46396-color_aug_1.png,0.0
361.3080139160156,160.01600646972656,346.6210021972656,135.96400451660156,29.374000549316406,48.10300064086914,,73.8916,63d46396-color_aug_2.png,0.0
424.6860046386719,86.28600311279297,403.48699951171875,67.99800109863281,42.39899826049805,36.57699966430664,,215.3402,63d46396-color_aug_2.png,0.0
479.010009765625,162.32400512695312,462.2850036621094,139.38499450683594,33.45000076293945,45.87699890136719,,122.2691,63d46396-color_aug_2.png,0.0
360.6960144042969,184.11399841308594,344.3190002441406,165.88499450683594,32.755001068115234,36.45800018310547,,88.7872,63d46396-color_aug_3.png,0.0
424.5719909667969,150.11900329589844,404.64898681640625,134.67999267578125,39.845001220703125,30.878000259399414,,230.0872,63d46396-color_aug_3.png,0.0
451.97100830078125,210.97500610351562,434.4360046386719,193.0709991455078,35.07099914550781,35.805999755859375,,139.2872,63d46396-color_aug_3.png,0.0
344.13299560546875,158.0260009765625,330.8210144042969,137.43699645996094,26.621999740600586,41.17900085449219,,72.6,63d46396-color_aug_4.png,0.0
401.3039855957031,95.8270034790039,382.24700927734375,80.64900207519531,38.11399841308594,30.35700035095215,,213.9,63d46396-color_aug_4.png,0.0
452.9209899902344,162.47900390625,437.9809875488281,142.7989959716797,29.878000259399414,39.35900115966797,,123.1,63d46396-color_aug_4.png,0.0
313.6180114746094,188.5800018310547,298.9419860839844,168.04800415039062,29.351999282836914,41.064998626708984,,76.7878,63d46396-color_aug_5.png,0.0
374.75,133.3419952392578,354.7749938964844,117.56099700927734,39.94900131225586,31.562999725341797,,218.0878,63d46396-color_aug_5.png,0.0
421.0369873046875,200.40499877929688,404.8139953613281,180.625,32.44499969482422,39.560001373291016,,127.2878,63d46396-color_aug_5.png,0.0
350.072998046875,156.94000244140625,334.22601318359375,137.1009979248047,31.69300079345703,39.67900085449219,,77.9166,3dd1549b-color_aug_1.png,0.0
413.63299560546875,110.93900299072266,397.7229919433594,91.54299926757812,31.81999969482422,38.79199981689453,,116.1166,3dd1549b-color_aug_1.png,0.0
451.95001220703125,175.33700561523438,436.24700927734375,156.42100524902344,31.4060001373291,37.832000732421875,,132.6166,3dd1549b-color_aug_1.png,0.0
339.3280029296875,179.10499572753906,326.4280090332031,159.86599731445312,25.801000595092773,38.47800064086914,,69.7,3dd1549b-color_aug_2.png,0.0
394.010986328125,122.27999877929688,380.97601318359375,103.53199768066406,26.069000244140625,37.49599838256836,,107.9,3dd1549b-color_aug_2.png,0.0
440.8370056152344,184.01499938964844,427.9360046386719,165.75799560546875,25.801000595092773,36.513999938964844,,124.4,3dd1549b-color_aug_2.png,0.0
343.7879943847656,159.052001953125,329.6809997558594,138.61700439453125,28.215999603271484,40.87099838256836,,70.3795,3dd1549b-color_aug_3.png,0.0
403.13299560546875,99.29100036621094,388.9079895019531,79.39199829101562,28.448999404907227,39.79800033569336,,108.9079,3dd1549b-color_aug_3.png,0.0
452.1050109863281,164.86300659179688,438.03399658203125,145.468994140625,28.141000747680664,38.7869987487793,,125.3429,3dd1549b-color_aug_3.png,0.0
343.85699462890625,150.0279998779297,327.9339904785156,126.28099822998047,31.84600067138672,47.49300003051758,,69.7,3dd1549b-color_aug_4.png,0.0
411.3500061035156,79.88999938964844,395.260986328125,56.75,32.17599868774414,46.28099822998047,,107.9,3dd1549b-color_aug_4.png,0.0
469.1449890136719,156.08799743652344,453.2229919433594,133.5540008544922,31.84600067138672,45.069000244140625,,124.4,3dd1549b-color_aug_4.png,0.0
351.8429870605469,176.88299560546875,335.71600341796875,157.3459930419922,32.25400161743164,39.073001861572266,,79.682,3dd1549b-color_aug_5.png,0.0
415.89300537109375,134.01199340820312,399.718994140625,114.9010009765625,32.347999572753906,38.2239990234375,,117.882,3dd1549b-color_aug_5.png,0.0
451.50201416015625,197.56900024414062,435.5450134277344,178.9250030517578,31.91200065612793,37.28900146484375,,134.382,3dd1549b-color_aug_5.png,0.0
344.4700012207031,162.28399658203125,330.885986328125,142.0260009765625,27.167999267578125,40.51499938964844,,70.5,9909ef8a-color_aug_1.png,0.0
400.46099853515625,101.98500061035156,375.3760070800781,80.02400207519531,50.16999816894531,43.922000885009766,,27.5,9909ef8a-color_aug_1.png,0.0
450.9630126953125,164.83999633789062,437.3789978027344,144.48800659179688,27.167999267578125,40.70399856567383,,69.9,9909ef8a-color_aug_1.png,0.0
332.6929931640625,171.14700317382812,316.0369873046875,153.33999633789062,33.3129997253418,35.612998962402344,,52.5461,9909ef8a-color_aug_2.png,0.0
361.1579895019531,117.05400085449219,335.0050048828125,95.5979995727539,52.30699920654297,42.9109992980957,,11.0422,9909ef8a-color_aug_2.png,0.0
418.3919982910156,150.71400451660156,401.8389892578125,133.15499877929688,33.106998443603516,35.11899948120117,,51.5714,9909ef8a-color_aug_2.png,0.0
344.5799865722656,161.9320068359375,330.93499755859375,141.58299255371094,27.291000366210938,40.698001861572266,,70.5,9909ef8a-color_aug_3.png,0.0
400.82598876953125,101.36000061035156,375.62701416015625,79.30000305175781,50.39699935913086,44.12099838256836,,27.5,9909ef8a-color_aug_3.png,0.0
451.5559997558594,164.49899291992188,437.9100036621094,144.05499267578125,27.291000366210938,40.88800048828125,,69.9,9909ef8a-color_aug_3.png,0.0
347.66900634765625,152.12399291992188,332.3089904785156,129.21800231933594,30.7189998626709,45.81100082397461,,70.5,9909ef8a-color_aug_4.png,0.0
410.9800109863281,83.94200134277344,382.6159973144531,59.11000061035156,56.729000091552734,49.66400146484375,,27.5,9909ef8a-color_aug_4.png,0.0
468.0830078125,155.01400756835938,452.7239990234375,132.00100708007812,30.7189998626709,46.025001525878906,,69.9,9909ef8a-color_aug_4.png,0.0
348.552001953125,163.427001953125,333.7359924316406,142.58700561523438,29.632999420166016,41.67900085449219,,73.0269,9909ef8a-color_aug_5.png,0.0
408.5769958496094,105.64700317382812,381.91400146484375,82.59700012207031,53.327999114990234,46.0989990234375,,30.0269,9909ef8a-color_aug_5.png,0.0
457.4219970703125,170.67599487304688,442.60101318359375,149.74200439453125,29.642000198364258,41.86800003051758,,72.4269,9909ef8a-color_aug_5.png,0.0
334.364013671875,187.54800415039062,315.3280029296875,170.48500061035156,38.07099914550781,34.125,,42.8432,95807991-color_aug_1.png,0.0
375.5820007324219,171.44400024414062,347.4110107421875,148.35299682617188,56.34299850463867,46.18199920654297,,100.8432,95807991-color_aug_1.png,0.0
414.6650085449219,152.031005859375,395.6289978027344,134.968994140625,38.07099914550781,34.125,,40.4432,95807991-color_aug_1.png,0.0
350.3269958496094,131.41799926757812,325.2969970703125,112.43199920654297,50.06100082397461,37.97200012207031,,312.2432,95807991-color_aug_1.png,0.0
353.1000061035156,126.19999694824219,338.20001220703125,104.69999694824219,29.799999237060547,43.0,,72.5,95807991-color_aug_2.png,0.0
409.6499938964844,130.10000610351562,384.3999938964844,103.9000015258789,50.5,52.400001525878906,,130.5,95807991-color_aug_2.png,0.0
466.3999938964844,128.3000030517578,451.5,106.80000305175781,29.799999237060547,43.0,,70.1,95807991-color_aug_2.png,0.0
412.70001220703125,61.5,388.0,42.20000076293945,49.400001525878906,38.599998474121094,,341.9,95807991-color_aug_2.png,0.0
325.36700439453125,185.98699951171875,307.42498779296875,167.92300415039062,35.8849983215332,36.12699890136719,,93.0653,95807991-color_aug_3.png,0.0
368.40301513671875,202.73399353027344,340.99700927734375,178.947998046875,54.8120002746582,47.573001861572266,,151.0653,95807991-color_aug_3.png,0.0
413.2659912109375,215.7310028076172,395.3240051269531,197.66700744628906,35.8849983215332,36.12699890136719,,90.6653,95807991-color_aug_3.png,0.0
390.89300537109375,157.75599670410156,365.94000244140625,138.70799255371094,49.90800094604492,38.09600067138672,,2.4653,95807991-color_aug_3.png,0.0
314.4859924316406,136.9459991455078,299.38800048828125,114.87699890136719,30.19700050354004,44.13800048828125,,73.2122,95807991-color_aug_4.png,0.0
371.23699951171875,140.6219940185547,345.5090026855469,113.6719970703125,51.45500183105469,53.900001525878906,,130.3014,95807991-color_aug_4.png,0.0
428.3450012207031,138.5279998779297,412.906005859375,116.39600372314453,30.87700080871582,44.263999938964844,,71.3453,95807991-color_aug_4.png,0.0
375.23699951171875,69.91600036621094,349.968994140625,49.70600128173828,50.53499984741211,40.41899871826172,,341.1861,95807991-color_aug_4.png,0.0
344.8420104980469,167.06199645996094,329.1440124511719,144.4600067138672,31.395999908447266,45.20500183105469,,72.1497,95807991-color_aug_5.png,0.0
404.614990234375,169.31300354003906,377.65301513671875,141.4029998779297,53.92399978637695,55.81999969482422,,130.6808,95807991-color_aug_5.png,0.0
465.2080078125,165.7449951171875,449.010986328125,142.8730010986328,32.39400100708008,45.74399948120117,,69.7277,95807991-color_aug_5.png,0.0
408.2229919433594,97.93599700927734,381.77301025390625,76.86399841308594,52.89899826049805,42.14500045776367,,340.4633,95807991-color_aug_5.png,0.0
415.57501220703125,100.75399780273438,397.6789855957031,75.4540023803711,35.79199981689453,50.599998474121094,,82.6038,4ba3108b-color_aug_1.png,0.0
473.6419982910156,104.54399871826172,455.61199951171875,79.40799713134766,36.060001373291016,50.27199935913086,,261.1863,4ba3108b-color_aug_1.png,0.0
468.21099853515625,176.5679931640625,445.7489929199219,160.20199584960938,44.92399978637695,32.73099899291992,,7.1443,4ba3108b-color_aug_1.png,0.0
352.42498779296875,167.69200134277344,325.9779968261719,144.10000610351562,52.89500045776367,47.185001373291016,,149.8631,4ba3108b-color_aug_1.png,0.0
405.4020080566406,91.10700225830078,386.7919921875,66.78199768066406,37.22100067138672,48.650001525878906,,78.4155,4ba3108b-color_aug_2.png,0.0
464.8800048828125,92.35900115966797,446.4460144042969,68.04100036621094,36.867000579833984,48.63600158691406,,256.5505,4ba3108b-color_aug_2.png,0.0
464.6000061035156,163.4199981689453,441.4100036621094,147.40499877929688,46.37900161743164,32.02799987792969,,4.8333,4ba3108b-color_aug_2.png,0.0
345.65301513671875,158.9219970703125,317.97900390625,136.07699584960938,55.34700012207031,45.689998626708984,,148.191,4ba3108b-color_aug_2.png,0.0
403.84698486328125,94.35399627685547,386.31201171875,70.52100372314453,35.069000244140625,47.66699981689453,,79.9586,4ba3108b-color_aug_3.png,0.0
461.8089904785156,97.34200286865234,444.3429870605469,73.54199981689453,34.93299865722656,47.60200119018555,,257.7589,4ba3108b-color_aug_3.png,0.0
460.0690002441406,167.031005859375,437.6319885253906,151.0919952392578,44.874000549316406,31.87700080871582,,6.523,4ba3108b-color_aug_3.png,0.0
343.2149963378906,159.21200561523438,316.6700134277344,136.4550018310547,53.090999603271484,45.51499938964844,,149.8178,4ba3108b-color_aug_3.png,0.0
404.2950134277344,91.37699890136719,387.614990234375,68.52300262451172,33.35900115966797,45.707000732421875,,80.8,4ba3108b-color_aug_4.png,0.0
460.6570129394531,93.26899719238281,443.97698974609375,70.41500091552734,33.35900115966797,45.707000732421875,,258.5,4ba3108b-color_aug_4.png,0.0
457.9679870605469,161.1820068359375,436.30999755859375,145.99600219726562,43.31700134277344,30.371999740600586,,5.6,4ba3108b-color_aug_4.png,0.0
344.3970031738281,155.45599365234375,319.0039978027344,133.7480010986328,50.7859992980957,43.41699981689453,,149.3,4ba3108b-color_aug_4.png,0.0
395.6289978027344,106.65499877929688,380.66400146484375,86.1500015258789,29.93000030517578,41.00899887084961,,80.8,4ba3108b-color_aug_5.png,0.0
446.197998046875,108.35199737548828,431.2330017089844,87.8479995727539,29.93000030517578,41.00899887084961,,258.5,4ba3108b-color_aug_5.png,0.0
443.7860107421875,169.28399658203125,424.3529968261719,155.66000366210938,38.86399841308594,27.25,,5.6,4ba3108b-color_aug_5.png,0.0
341.8890075683594,164.14700317382812,319.10699462890625,144.6699981689453,45.564998626708984,38.95399856567383,,149.3,4ba3108b-color_aug_5.png,0.0
335.22100830078125,192.8209991455078,310.5530090332031,173.83200073242188,49.334999084472656,37.979000091552734,,159.7899,cc926018-color_aug_1.png,0.0
441.8429870605469,189.16900634765625,416.3970031738281,169.36300659179688,50.88999938964844,39.61199951171875,,336.5899,cc926018-color_aug_1.png,0.0
437.5580139160156,98.51699829101562,420.19500732421875,76.875,34.72700119018555,43.284000396728516,,255.2899,cc926018-color_aug_1.png,0.0
331.81298828125,103.7760009765625,305.3210144042969,78.50599670410156,52.983001708984375,50.53799819946289,,120.8899,cc926018-color_aug_1.png,0.0
321.9110107421875,179.01600646972656,297.24200439453125,159.8699951171875,49.3390007019043,38.29199981689453,,165.374,cc926018-color_aug_2.png,0.0
435.1440124511719,186.38999938964844,409.08599853515625,166.25,52.117000579833984,40.27899932861328,,342.4046,cc926018-color_aug_2.png,0.0
444.2300109863281,81.91899871826172,426.8919982910156,58.154998779296875,34.676998138427734,47.527000427246094,,263.0113,cc926018-color_aug_2.png,0.0
330.49798583984375,77.17900085449219,304.1419982910156,50.275001525878906,52.71099853515625,53.810001373291016,,126.5928,cc926018-color_aug_2.png,0.0
367.6000061035156,216.64999389648438,343.0,197.60000610351562,49.20000076293945,38.099998474121094,,165.6,cc926018-color_aug_3.png,0.0
481.54998779296875,224.10000610351562,456.20001220703125,204.1999969482422,50.70000076293945,39.79999923706055,,342.4,cc926018-color_aug_3.png,0.0
487.3500061035156,121.80000305175781,471.0,98.9000015258789,32.70000076293945,45.79999923706055,,261.1,cc926018-color_aug_3.png,0.0
374.1499938964844,116.25,348.29998779296875,90.19999694824219,51.70000076293945,52.099998474121094,,126.7,cc926018-color_aug_3.png,0.0
335.7950134277344,178.57000732421875,309.6650085449219,158.47500610351562,52.26100158691406,40.18899917602539,,165.8493,cc926018-color_aug_4.png,0.0
452.7380065917969,187.86599731445312,425.4880065917969,166.77499389648438,54.500999450683594,42.180999755859375,,342.5317,cc926018-color_aug_4.png,0.0
452.364990234375,81.7229995727539,434.2380065917969,57.875999450683594,36.25400161743164,47.694000244140625,,257.9221,cc926018-color_aug_4.png,0.0
336.7650146484375,74.88999938964844,309.0639953613281,47.81399917602539,55.4010009765625,54.152000427246094,,124.3784,cc926018-color_aug_4.png,0.0
311.6000061035156,159.64999389648438,287.0,140.60000610351562,49.20000076293945,38.099998474121094,,165.6,cc926018-color_aug_5.png,0.0
425.54998779296875,167.10000610351562,400.20001220703125,147.1999969482422,50.70000076293945,39.79999923706055,,342.4,cc926018-color_aug_5.png,0.0
431.3500061035156,64.80000305175781,415.0,41.900001525878906,32.70000076293945,45.79999923706055,,261.1,cc926018-color_aug_5.png,0.0
318.1499938964844,59.25,292.29998779296875,33.20000076293945,51.70000076293945,52.099998474121094,,126.7,cc926018-color_aug_5.png,0.0
395.0220031738281,150.4759979248047,367.2409973144531,127.14800262451172,55.5629997253418,46.654998779296875,,154.2143,043033e6-color_aug_1.png,0.0
358.84100341796875,211.7689971923828,335.8819885253906,194.60499572753906,45.917999267578125,34.327999114990234,,21.0143,043033e6-color_aug_1.png,0.0
442.1719970703125,246.91000366210938,421.4410095214844,227.70899963378906,41.46200180053711,38.402000427246094,,109.0143,043033e6-color_aug_1.png,0.0
479.0350036621094,184.71499633789062,450.45098876953125,161.46800231933594,57.167999267578125,46.494998931884766,,60.0143,043033e6-color_aug_1.png,0.0
368.9339904785156,158.4550018310547,341.1549987792969,135.1280059814453,55.560001373291016,46.65299987792969,,154.2048,043033e6-color_aug_2.png,0.0
332.7650146484375,219.7530059814453,309.8070068359375,202.58999633789062,45.91600036621094,34.32500076293945,,21.0048,043033e6-color_aug_2.png,0.0
416.1029968261719,254.8820037841797,395.3739929199219,235.6820068359375,41.45899963378906,38.400001525878906,,109.0048,043033e6-color_aug_2.png,0.0
452.9530029296875,192.6820068359375,424.3710021972656,169.43600463867188,57.165000915527344,46.492000579833984,,60.0048,043033e6-color_aug_2.png,0.0
350.0369873046875,71.48400115966797,322.885986328125,43.744998931884766,54.30099868774414,55.47700119018555,,129.4,043033e6-color_aug_3.png,0.0
347.47100830078125,178.53700256347656,322.885986328125,160.25799560546875,49.17100143432617,36.55699920654297,,356.2,043033e6-color_aug_3.png,0.0
469.3819885253906,182.86599731445312,450.9429931640625,158.2270050048828,36.87799835205078,49.277000427246094,,84.2,043033e6-color_aug_3.png,0.0
472.1619873046875,74.15599822998047,443.46099853515625,47.27299880981445,57.4010009765625,53.766998291015625,,35.2,043033e6-color_aug_3.png,0.0
378.0899963378906,79.93299865722656,356.4230041503906,57.79800033569336,43.33300018310547,44.270999908447266,,129.4,043033e6-color_aug_4.png,0.0
376.0429992675781,165.36199951171875,356.4230041503906,150.7760009765625,39.237998962402344,29.17300033569336,,356.2,043033e6-color_aug_4.png,0.0
473.3280029296875,168.81700134277344,458.614013671875,149.15499877929688,29.429000854492188,39.32400131225586,,84.2,043033e6-color_aug_4.png,0.0
475.5459899902344,82.06600189208984,452.64300537109375,60.612998962402344,45.805999755859375,42.90599822998047,,35.2,043033e6-color_aug_4.png,0.0
384.6839904785156,150.79600524902344,359.1470031738281,128.90899658203125,51.07500076293945,43.77399826049805,,150.9151,043033e6-color_aug_5.png,0.0
354.6669921875,211.17100524902344,333.3500061035156,195.24600219726562,42.632999420166016,31.850000381469727,,17.7151,043033e6-color_aug_5.png,0.0
435.2669982910156,240.99899291992188,416.3900146484375,222.83200073242188,37.75299835205078,36.33399963378906,,105.7151,043033e6-color_aug_5.png,0.0
465.8659973144531,179.72799682617188,439.5150146484375,157.97999572753906,52.70100021362305,43.49599838256836,,56.7151,043033e6-color_aug_5.png,0.0
328.3999938964844,65.5,302.6000061035156,39.900001525878906,51.599998474121094,51.20000076293945,,129.8,0bba039a-color_aug_1.png,0.0
383.95001220703125,100.19999694824219,357.79998779296875,74.80000305175781,52.29999923706055,50.79999923706055,,40.8,0bba039a-color_aug_1.png,0.0
326.20001220703125,165.4499969482422,303.79998779296875,149.89999389648438,44.79999923706055,31.100000381469727,,357.6,0bba039a-color_aug_1.png,0.0
439.95001220703125,168.64999389648438,422.70001220703125,145.39999389648438,34.5,46.5,,84.0,0bba039a-color_aug_1.png,0.0
368.2690124511719,134.27999877929688,340.1629943847656,111.16999816894531,56.21099853515625,46.220001220703125,,156.5477,0bba039a-color_aug_2.png,0.0
395.90899658203125,171.81399536132812,367.62200927734375,148.71800231933594,56.573001861572266,46.19200134277344,,67.5477,0bba039a-color_aug_2.png,0.0
330.0899963378906,193.45199584960938,308.1310119628906,177.38499450683594,43.91600036621094,32.1349983215332,,24.3477,0bba039a-color_aug_2.png,0.0
411.52301025390625,229.68800354003906,390.48699951171875,210.56500244140625,42.073001861572266,38.24700164794922,,110.7477,0bba039a-color_aug_2.png,0.0
339.72900390625,84.76899719238281,315.4469909667969,60.67599868774414,48.5629997253418,48.1870002746582,,129.8,0bba039a-color_aug_3.png,0.0
392.0090026855469,117.427001953125,367.39801025390625,93.52200317382812,49.22200012207031,47.810001373291016,,40.8,0bba039a-color_aug_3.png,0.0
337.6579895019531,178.83700561523438,316.57598876953125,164.20199584960938,42.16400146484375,29.270000457763672,,357.6,0bba039a-color_aug_3.png,0.0
444.7139892578125,181.8489990234375,428.47900390625,159.9669952392578,32.470001220703125,43.76300048828125,,84.0,0bba039a-color_aug_3.png,0.0
341.52801513671875,89.0459976196289,315.4670104980469,63.709999084472656,52.12300109863281,50.672000885009766,,127.528,0bba039a-color_aug_4.png,0.0
396.85400390625,119.97000122070312,370.4599914550781,94.81099700927734,52.78799819946289,50.31800079345703,,38.528,0bba039a-color_aug_4.png,0.0
343.2439880371094,184.24400329589844,320.8739929199219,168.6009979248047,44.73899841308594,31.28700065612793,,355.328,0bba039a-color_aug_4.png,0.0
453.91900634765625,182.9949951171875,436.2569885253906,160.21800231933594,35.323001861572266,45.553001403808594,,81.728,0bba039a-color_aug_4.png,0.0
380.3999938964844,42.5,354.6000061035156,16.899999618530273,51.599998474121094,51.20000076293945,,129.8,0bba039a-color_aug_5.png,0.0
435.95001220703125,77.19999694824219,409.79998779296875,51.79999923706055,52.29999923706055,50.79999923706055,,40.8,0bba039a-color_aug_5.png,0.0
378.20001220703125,142.4499969482422,355.79998779296875,126.9000015258789,44.79999923706055,31.100000381469727,,357.6,0bba039a-color_aug_5.png,0.0
491.95001220703125,145.64999389648438,474.70001220703125,122.4000015258789,34.5,46.5,,84.0,0bba039a-color_aug_5.png,0.0
364.8429870605469,121.83100128173828,344.468994140625,107.01399993896484,40.74700164794922,29.634000778198242,,351.3,7e28f0bc-color_aug_1.png,0.0
417.7170104980469,97.4000015258789,395.62298583984375,74.8219985961914,44.18600082397461,45.15700149536133,,53.9,7e28f0bc-color_aug_1.png,0.0
464.54901123046875,130.73899841308594,441.927001953125,108.68900299072266,45.244998931884766,44.097999572753906,,139.4,7e28f0bc-color_aug_1.png,0.0
394.8739929199219,66.26699829101562,371.98699951171875,43.952999114990234,45.77399826049805,44.62699890136719,,32.8,7e28f0bc-color_aug_1.png,0.0
349.6369934082031,138.01800537109375,327.54998779296875,119.50499725341797,44.17399978637695,37.0260009765625,,348.6309,7e28f0bc-color_aug_2.png,0.0
406.6619873046875,106.87100219726562,382.4949951171875,78.88500213623047,48.33599853515625,55.97200012207031,,57.5164,7e28f0bc-color_aug_2.png,0.0
456.0719909667969,145.8209991455078,431.2590026855469,118.37200164794922,49.62699890136719,54.89799880981445,,135.6247,7e28f0bc-color_aug_2.png,0.0
383.06201171875,70.04199981689453,358.11199951171875,42.404998779296875,49.900001525878906,55.27399826049805,,35.3137,7e28f0bc-color_aug_2.png,0.0
341.38800048828125,146.8459930419922,318.7829895019531,129.96800231933594,45.209999084472656,33.75600051879883,,352.6251,7e28f0bc-color_aug_3.png,0.0
398.4230041503906,121.56500244140625,373.8630065917969,96.28299713134766,49.12099838256836,50.56399917602539,,53.692,7e28f0bc-color_aug_3.png,0.0
450.135986328125,159.3350067138672,424.9360046386719,134.55099487304688,50.4010009765625,49.569000244140625,,139.0369,7e28f0bc-color_aug_3.png,0.0
372.8739929199219,86.99600219726562,347.5450134277344,62.07500076293945,50.65700149536133,49.84299850463867,,33.6097,7e28f0bc-color_aug_3.png,0.0
344.6449890136719,150.27099609375,322.66400146484375,134.28500366210938,43.96099853515625,31.97100067138672,,351.3,7e28f0bc-color_aug_4.png,0.0
401.6889953613281,123.91300201416016,377.8529968261719,99.55400085449219,47.672000885009766,48.71799850463867,,53.9,7e28f0bc-color_aug_4.png,0.0
452.2149963378906,159.88099670410156,427.8080139160156,136.09300231933594,48.81399917602539,47.57699966430664,,139.4,7e28f0bc-color_aug_4.png,0.0
377.04400634765625,90.3239974975586,352.35198974609375,66.2509994506836,49.38399887084961,48.14699935913086,,32.8,7e28f0bc-color_aug_4.png,0.0
303.04400634765625,178.94900512695312,280.0840148925781,161.96099853515625,45.92100143432617,33.974998474121094,,330.8287,7e28f0bc-color_aug_5.png,0.0
341.82501220703125,145.48599243164062,314.7720031738281,122.13200378417969,54.10599899291992,46.70800018310547,,33.4287,7e28f0bc-color_aug_5.png,0.0
394.364990234375,157.4980010986328,367.0190124511719,134.39500427246094,54.694000244140625,46.20500183105469,,118.9287,7e28f0bc-color_aug_5.png,0.0
311.2770080566406,128.36000061035156,283.6080017089844,104.98200225830078,55.3380012512207,46.75600051879883,,12.3287,7e28f0bc-color_aug_5.png,0.0
345.2550048828125,138.447998046875,319.18701171875,119.93599700927734,52.13600158691406,37.025001525878906,,352.6,a9e60257-color_aug_1.png,0.0
409.31298828125,108.21900177001953,384.20001220703125,91.47200012207031,50.22600173950195,33.49599838256836,,13.8847,a9e60257-color_aug_1.png,0.0
472.156005859375,147.9720001220703,442.5409851074219,121.50399780273438,59.22999954223633,52.93600082397461,,141.9305,a9e60257-color_aug_1.png,0.0
381.2770080566406,71.01300048828125,358.8599853515625,45.25,44.832000732421875,51.525001525878906,,70.6609,a9e60257-color_aug_1.png,0.0
333.92999267578125,157.9290008544922,311.2590026855469,140.75100708007812,45.340999603271484,34.35599899291992,,345.3191,a9e60257-color_aug_2.png,0.0
383.6679992675781,127.47899627685547,361.8909912109375,111.70500183105469,43.553001403808594,31.54800033569336,,7.8191,a9e60257-color_aug_2.png,0.0
437.78399658203125,153.8509979248047,411.8070068359375,129.99099731445312,51.95399856567383,47.720001220703125,,134.5191,a9e60257-color_aug_2.png,0.0
357.822998046875,99.6780014038086,337.4169921875,76.69400024414062,40.8120002746582,45.96900177001953,,66.3191,a9e60257-color_aug_2.png,0.0
322.7640075683594,175.53700256347656,299.7929992675781,158.18699645996094,45.94200134277344,34.70100021362305,,332.8929,a9e60257-color_aug_3.png,0.0
360.9809875488281,142.02000427246094,339.072998046875,125.91999816894531,43.816001892089844,32.20000076293945,,355.3929,a9e60257-color_aug_3.png,0.0
415.0710144042969,154.48800659179688,387.84600830078125,131.35499572753906,54.44900131225586,46.26599884033203,,122.0929,a9e60257-color_aug_3.png,0.0
331.9519958496094,123.55899810791016,309.64898681640625,102.08399963378906,44.60599899291992,42.95000076293945,,53.8929,a9e60257-color_aug_3.png,0.0
312.3680114746094,163.62100219726562,286.7449951171875,144.29200744628906,51.24599838256836,38.65800094604492,,331.3789,a9e60257-color_aug_4.png,0.0
353.49798583984375,125.97100067138672,329.0799865722656,108.01599884033203,48.83599853515625,35.90999984741211,,353.8789,a9e60257-color_aug_4.png,0.0
413.74200439453125,138.2729949951172,383.26300048828125,112.61000061035156,60.95800018310547,51.32600021362305,,120.5789,a9e60257-color_aug_4.png,0.0
320.7669982910156,106.48400115966797,295.6889953613281,82.75499725341797,50.15800094604492,47.45800018310547,,52.3789,a9e60257-color_aug_4.png,0.0
297.5639953613281,179.4499969482422,274.5979919433594,162.08399963378906,45.930999755859375,34.733001708984375,,339.7692,a9e60257-color_aug_5.png,0.0
342.2120056152344,147.30599975585938,320.22601318359375,131.2760009765625,43.972999572753906,32.058998107910156,,2.2692,a9e60257-color_aug_5.png,0.0
396.6830139160156,166.98800659179688,369.9419860839844,143.34300231933594,53.48099899291992,47.29100036621094,,128.9692,a9e60257-color_aug_5.png,0.0
314.6919860839844,123.93800354003906,293.2539978027344,101.55799865722656,42.875999450683594,44.75899887084961,,60.7692,a9e60257-color_aug_5.png,0.0
303.8659973144531,170.0780029296875,278.2820129394531,150.9010009765625,51.16699981689453,38.35300064086914,,324.9892,e4c28046-color_aug_1.png,0.0
302.7900085449219,117.01699829101562,276.4939880371094,93.63200378417969,52.59199905395508,46.77000045776367,,45.6892,e4c28046-color_aug_1.png,0.0
372.4339904785156,87.87799835205078,347.4200134277344,70.16100311279297,50.02799987792969,35.435001373291016,,333.7892,e4c28046-color_aug_1.png,0.0
396.8590087890625,137.7790069580078,367.5639953613281,114.54000091552734,58.59000015258789,46.479000091552734,,113.1892,e4c28046-color_aug_1.png,0.0
371.1780090332031,110.02200317382812,348.0660095214844,92.11199951171875,46.2239990234375,35.819000244140625,,350.3035,e4c28046-color_aug_2.png,0.0
398.0589904785156,44.39400100708008,377.56500244140625,18.52199935913086,40.98699951171875,51.74599838256836,,70.5923,e4c28046-color_aug_2.png,0.0
481.6820068359375,42.63600158691406,458.1659851074219,27.222999572753906,47.03200149536133,30.825000762939453,,359.5615,e4c28046-color_aug_2.png,0.0
479.3599853515625,115.78600311279297,454.02899169921875,92.6760025024414,50.66299819946289,46.22100067138672,,136.8154,e4c28046-color_aug_2.png,0.0
366.947998046875,193.26100158691406,347.00299072265625,178.29100036621094,39.89099884033203,29.940000534057617,,351.8,e4c28046-color_aug_3.png,0.0
393.9280090332031,137.5850067138672,376.68499755859375,115.75299835205078,34.486000061035156,43.66600036621094,,72.5,e4c28046-color_aug_3.png,0.0
468.906005859375,137.41400146484375,448.4880065917969,124.58899688720703,40.834999084472656,25.649999618530273,,0.6,e4c28046-color_aug_3.png,0.0
463.5870056152344,199.91000366210938,441.88299560546875,180.52200317382812,43.40800094604492,38.7760009765625,,140.0,e4c28046-color_aug_3.png,0.0
315.9989929199219,190.552001953125,292.9150085449219,172.95899963378906,46.16699981689453,35.18600082397461,,321.8563,e4c28046-color_aug_4.png,0.0
313.41900634765625,144.82899475097656,289.1700134277344,123.63899993896484,48.49700164794922,42.380001068115234,,42.6151,e4c28046-color_aug_4.png,0.0
374.0580139160156,115.49099731445312,351.4989929199219,99.04900360107422,45.11800003051758,32.8849983215332,,330.2201,e4c28046-color_aug_4.png,0.0
396.625,157.19200134277344,370.10699462890625,136.06199645996094,53.0369987487793,42.2599983215332,,111.8435,e4c28046-color_aug_4.png,0.0
355.75,131.0500030517578,332.5,113.5999984741211,46.5,34.900001525878906,,351.8,e4c28046-color_aug_5.png,0.0
387.20001220703125,66.1500015258789,367.1000061035156,40.70000076293945,40.20000076293945,50.900001525878906,,72.5,e4c28046-color_aug_5.png,0.0
474.6000061035156,65.94999694824219,450.79998779296875,51.0,47.599998474121094,29.899999618530273,,0.6,e4c28046-color_aug_5.png,0.0
468.3999938964844,138.8000030517578,443.1000061035156,116.19999694824219,50.599998474121094,45.20000076293945,,140.0,e4c28046-color_aug_5.png,0.0
373.1239929199219,152.93899536132812,346.1610107421875,130.3070068359375,53.92599868774414,45.263999938964844,,330.4422,ec2eb8df-color_aug_1.png,0.0
402.3210144042969,87.88300323486328,376.1830139160156,60.70199966430664,52.2760009765625,54.361000061035156,,52.6364,ec2eb8df-color_aug_1.png,0.0
487.3210144042969,91.60399627685547,463.5459899902344,75.11299896240234,47.55099868774414,32.97999954223633,,352.6393,ec2eb8df-color_aug_1.png,0.0
485.0140075683594,157.3159942626953,458.010009765625,130.37100219726562,54.00699996948242,53.88999938964844,,47.4067,ec2eb8df-color_aug_1.png,0.0
371.54998779296875,189.02699279785156,344.0419921875,167.68499755859375,55.016998291015625,42.683998107910156,,0.4765,ec2eb8df-color_aug_2.png,0.0
419.7250061035156,161.83799743652344,391.19500732421875,138.1959991455078,57.058998107910156,47.284000396728516,,82.5765,ec2eb8df-color_aug_2.png,0.0
479.1319885253906,191.697998046875,456.2120056152344,174.89500427246094,45.84000015258789,33.606998443603516,,21.9765,ec2eb8df-color_aug_2.png,0.0
450.010009765625,227.9429931640625,421.0639953613281,204.23699951171875,57.89099884033203,47.4109992980957,,77.1765,ec2eb8df-color_aug_2.png,0.0
387.989013671875,205.37399291992188,360.5899963378906,183.94400024414062,54.79800033569336,42.86000061035156,,357.592,ec2eb8df-color_aug_3.png,0.0
434.77899169921875,175.50599670410156,406.5360107421875,151.61500549316406,56.48400115966797,47.78200149536133,,79.692,ec2eb8df-color_aug_3.png,0.0
496.4219970703125,203.58599853515625,473.4809875488281,186.81199645996094,45.882999420166016,33.54899978637695,,19.092,ec2eb8df-color_aug_3.png,0.0
469.3699951171875,241.927001953125,440.6839904785156,217.9980010986328,57.37300109863281,47.858001708984375,,74.292,ec2eb8df-color_aug_3.png,0.0
374.7460021972656,164.5240020751953,348.114990234375,142.2270050048828,53.26100158691406,44.59400177001953,,334.4423,ec2eb8df-color_aug_4.png,0.0
409.0220031738281,104.8219985961914,383.2040100097656,78.2760009765625,51.63600158691406,53.09199905395508,,56.5423,ec2eb8df-color_aug_4.png,0.0
492.1449890136719,112.8219985961914,468.7879943847656,96.46499633789062,46.715999603271484,32.71500015258789,,355.9423,ec2eb8df-color_aug_4.png,0.0
484.1919860839844,174.41900634765625,457.6619873046875,148.12399291992188,53.060001373291016,52.590999603271484,,51.1423,ec2eb8df-color_aug_4.png,0.0
398.6099853515625,159.2239990234375,365.3009948730469,132.81700134277344,66.61799621582031,52.8129997253418,,330.9345,ec2eb8df-color_aug_5.png,0.0
431.3869934082031,82.7229995727539,399.0190124511719,50.53300094604492,64.73400115966797,64.37999725341797,,51.5588,ec2eb8df-color_aug_5.png,0.0
532.5659790039062,88.80899810791016,504.29998779296875,69.57099914550781,56.534000396728516,38.474998474121094,,353.5223,ec2eb8df-color_aug_5.png,0.0
531.2830200195312,165.18299865722656,499.2090148925781,134.2270050048828,64.14900207519531,61.9109992980957,,46.6832,ec2eb8df-color_aug_5.png,0.0
422.739013671875,117.62999725341797,402.24798583984375,102.87899780273438,40.98400115966797,29.500999450683594,,183.9104,ab3cd640-color_aug_1.png,0.0
392.44500732421875,175.5959930419922,375.61700439453125,153.875,33.654998779296875,43.44200134277344,,284.0468,ab3cd640-color_aug_1.png,0.0
486.4360046386719,181.8179931640625,463.0220031738281,160.0290069580078,46.82699966430664,43.57899856567383,,142.7905,ab3cd640-color_aug_1.png,0.0
492.24700927734375,122.05999755859375,477.58599853515625,101.5250015258789,29.320999145507812,41.069000244140625,,274.7664,ab3cd640-color_aug_1.png,0.0
380.3399963378906,106.44100189208984,360.4389953613281,92.57599639892578,39.803001403808594,27.731000900268555,,182.4413,ab3cd640-color_aug_2.png,0.0
353.0719909667969,163.5399932861328,337.2850036621094,142.33399963378906,31.572999954223633,42.4119987487793,,281.273,ab3cd640-color_aug_2.png,0.0
450.6050109863281,168.92100524902344,427.4729919433594,147.1540069580078,46.26599884033203,43.5359992980957,,142.2781,ab3cd640-color_aug_2.png,0.0
452.15301513671875,109.2229995727539,438.3039855957031,89.23500061035156,27.69700050354004,39.974998474121094,,270.6869,ab3cd640-color_aug_2.png,0.0
392.8999938964844,127.3499984741211,369.5,111.0999984741211,46.79999923706055,32.5,,182.4,ab3cd640-color_aug_3.png,0.0
361.1499938964844,194.1999969482422,342.70001220703125,169.5,36.900001525878906,49.400001525878906,,281.0,ab3cd640-color_aug_3.png,0.0
475.70001220703125,200.10000610351562,448.70001220703125,174.89999389648438,54.0,50.400001525878906,,142.3,ab3cd640-color_aug_3.png,0.0
477.3999938964844,130.5500030517578,461.20001220703125,107.19999694824219,32.400001525878906,46.70000076293945,,270.6,ab3cd640-color_aug_3.png,0.0
422.6319885253906,61.41600036621094,396.781005859375,43.4640007019043,51.702999114990234,35.904998779296875,,182.4,ab3cd640-color_aug_4.png,0.0
387.5559997558594,135.2689971923828,367.1730041503906,107.98100280761719,40.76599884033203,54.57500076293945,,281.0,ab3cd640-color_aug_4.png,0.0
514.1060180664062,141.78700256347656,484.2770080566406,113.9469985961914,59.65700149536133,55.68000030517578,,142.3,ab3cd640-color_aug_4.png,0.0
515.9840087890625,64.95099639892578,498.0870056152344,39.154998779296875,35.79399871826172,51.59199905395508,,270.6,ab3cd640-color_aug_4.png,0.0
438.8999938964844,67.3499984741211,415.5,51.099998474121094,46.79999923706055,32.5,,182.4,ab3cd640-color_aug_5.png,0.0
407.1499938964844,134.1999969482422,388.70001220703125,109.5,36.900001525878906,49.400001525878906,,281.0,ab3cd640-color_aug_5.png,0.0
521.7000122070312,140.10000610351562,494.70001220703125,114.9000015258789,54.0,50.400001525878906,,142.3,ab3cd640-color_aug_5.png,0.0
523.4000244140625,70.55000305175781,507.20001220703125,47.20000076293945,32.400001525878906,46.70000076293945,,270.6,ab3cd640-color_aug_5.png,0.0
390.29998779296875,126.8499984741211,367.70001220703125,111.9000015258789,45.20000076293945,29.899999618530273,,179.8,60412b25-color_aug_1.png,0.0
356.70001220703125,193.25,330.20001220703125,170.89999389648438,53.0,44.70000076293945,,195.6,60412b25-color_aug_1.png,0.0
417.0,162.0500030517578,394.3999938964844,147.10000610351562,45.20000076293945,29.899999618530273,,2.2,60412b25-color_aug_1.png,0.0
413.79998779296875,229.25,397.6000061035156,205.89999389648438,32.400001525878906,46.70000076293945,,279.1,60412b25-color_aug_1.png,0.0
472.8500061035156,200.10000610351562,446.29998779296875,173.8000030517578,53.099998474121094,52.599998474121094,,308.4,60412b25-color_aug_1.png,0.0
448.1499938964844,128.5500030517578,422.20001220703125,107.5999984741211,51.900001525878906,41.900001525878906,,16.9,60412b25-color_aug_1.png,0.0
382.114013671875,84.7760009765625,359.49700927734375,69.79900360107422,45.236000061035156,29.95400047302246,,179.7315,60412b25-color_aug_2.png,0.0
348.593994140625,151.21600341796875,322.0669860839844,128.83399963378906,53.053001403808594,44.76300048828125,,195.5315,60412b25-color_aug_2.png,0.0
408.8559875488281,119.94400024414062,386.239013671875,104.96700286865234,45.236000061035156,29.95400047302246,,2.1315,60412b25-color_aug_2.png,0.0
405.73699951171875,187.14700317382812,389.5090026855469,163.7779998779297,32.45600128173828,46.73899841308594,,279.0315,60412b25-color_aug_2.png,0.0
464.75201416015625,157.927001953125,438.1700134277344,131.59500122070312,53.16299819946289,52.66299819946289,,308.3315,60412b25-color_aug_2.png,0.0
439.96600341796875,86.40599822998047,413.9909973144531,65.42500305175781,51.95000076293945,41.96200180053711,,16.8315,60412b25-color_aug_2.png,0.0
415.29998779296875,114.8499984741211,392.70001220703125,99.9000015258789,45.20000076293945,29.899999618530273,,179.8,60412b25-color_aug_3.png,0.0
381.70001220703125,181.25,355.20001220703125,158.89999389648438,53.0,44.70000076293945,,195.6,60412b25-color_aug_3.png,0.0
442.0,150.0500030517578,419.3999938964844,135.10000610351562,45.20000076293945,29.899999618530273,,2.2,60412b25-color_aug_3.png,0.0
438.79998779296875,217.25,422.6000061035156,193.89999389648438,32.400001525878906,46.70000076293945,,279.1,60412b25-color_aug_3.png,0.0
497.8500061035156,188.10000610351562,471.29998779296875,161.8000030517578,53.099998474121094,52.599998474121094,,308.4,60412b25-color_aug_3.png,0.0
473.1499938964844,116.55000305175781,447.20001220703125,95.5999984741211,51.900001525878906,41.900001525878906,,16.9,60412b25-color_aug_3.png,0.0
381.0610046386719,85.58499908447266,355.0719909667969,67.7229995727539,51.97700119018555,35.7239990234375,,170.1385,60412b25-color_aug_4.png,0.0
358.0169982910156,154.11599731445312,326.69500732421875,128.59100341796875,62.643001556396484,51.04999923706055,,185.9385,60412b25-color_aug_4.png,0.0
414.8500061035156,114.71399688720703,388.8609924316406,96.85199737548828,51.97700119018555,35.7239990234375,,352.5385,60412b25-color_aug_4.png,0.0
423.36700439453125,179.08799743652344,402.5150146484375,154.2790069580078,41.70399856567383,49.61800003051758,,269.4385,60412b25-color_aug_4.png,0.0
479.2690124511719,141.83599853515625,447.20001220703125,112.54900360107422,64.13600158691406,58.573001861572266,,298.7385,60412b25-color_aug_4.png,0.0
441.1510009765625,77.84200286865234,410.6440124511719,53.736000061035156,61.013999938964844,48.21099853515625,,7.2385,60412b25-color_aug_4.png,0.0
347.87298583984375,117.83100128173828,325.8059997558594,102.24299621582031,44.1349983215332,31.177000045776367,,161.3414,60412b25-color_aug_5.png,0.0
338.72601318359375,171.61900329589844,311.5639953613281,150.0,54.32500076293945,43.23699951171875,,177.1414,60412b25-color_aug_5.png,0.0
378.6260070800781,136.04800415039062,356.5589904785156,120.45999908447266,44.1349983215332,31.177000045776367,,343.7414,60412b25-color_aug_5.png,0.0
394.00799560546875,183.35899353027344,374.8169860839844,163.42999267578125,38.38199996948242,39.858001708984375,,260.6414,60412b25-color_aug_5.png,0.0
433.45599365234375,149.4980010986328,405.1990051269531,125.12999725341797,56.513999938964844,48.73500061035156,,289.9414,60412b25-color_aug_5.png,0.0
394.59698486328125,105.62699890136719,368.2489929199219,85.10600280761719,52.698001861572266,41.04199981689453,,358.4414,60412b25-color_aug_5.png,0.0
325.3949890136719,149.41900634765625,303.40399169921875,133.76100158691406,43.981998443603516,31.31599998474121,,163.9342,1b70d76b-color_aug_1.png,0.0
342.78399658203125,193.281005859375,321.1390075683594,177.74200439453125,43.29100036621094,31.07900047302246,,337.2342,1b70d76b-color_aug_1.png,0.0
388.91900634765625,181.23399353027344,369.2820129394531,161.98699951171875,39.2760009765625,38.49300003051758,,59.1342,1b70d76b-color_aug_1.png,0.0
361.5899963378906,113.447998046875,341.8219909667969,94.12999725341797,39.5369987487793,38.637001037597656,,63.3342,1b70d76b-color_aug_1.png,0.0
407.2659912109375,100.3489990234375,382.1520080566406,81.58399963378906,50.22800064086914,37.52899932861328,,351.8342,1b70d76b-color_aug_1.png,0.0
424.4630126953125,145.48699951171875,396.2770080566406,122.2490005493164,56.37200164794922,46.474998474121094,,290.1342,1b70d76b-color_aug_1.png,0.0
410.760986328125,188.95599365234375,388.7650146484375,173.3070068359375,43.992000579833984,31.29800033569336,,207.4152,1b70d76b-color_aug_2.png,0.0
387.6579895019531,231.21800231933594,366.010009765625,215.68499755859375,43.29600143432617,31.06599998474121,,20.7152,1b70d76b-color_aug_2.png,0.0
431.0409851074219,249.47799682617188,411.49700927734375,230.14300537109375,39.0880012512207,38.67100143432617,,102.6152,1b70d76b-color_aug_2.png,0.0
466.41400146484375,183.8979949951172,446.739013671875,164.49099731445312,39.349998474121094,38.81399917602539,,106.8152,1b70d76b-color_aug_2.png,0.0
510.3210144042969,201.1199951171875,485.2179870605469,182.3489990234375,50.20600128173828,37.54100036621094,,35.3152,1b70d76b-color_aug_2.png,0.0
486.0379943847656,244.20199584960938,457.90399169921875,220.91700744628906,56.26599884033203,46.569000244140625,,333.6152,1b70d76b-color_aug_2.png,0.0
370.8800048828125,144.73800659179688,348.5950012207031,129.3979949951172,44.56999969482422,30.68000030517578,,175.7665,1b70d76b-color_aug_3.png,0.0
377.7919921875,198.447998046875,355.90399169921875,183.1739959716797,43.777000427246094,30.548999786376953,,349.0665,1b70d76b-color_aug_3.png,0.0
429.7659912109375,194.0240020751953,411.7860107421875,173.07899475097656,35.95899963378906,41.88999938964844,,70.9665,1b70d76b-color_aug_3.png,0.0
418.60198974609375,110.9260025024414,400.4830017089844,89.91899871826172,36.23899841308594,42.013999938964844,,75.1665,1b70d76b-color_aug_3.png,0.0
470.364990234375,105.20500183105469,445.2380065917969,86.47100067138672,50.255001068115234,37.46699905395508,,3.6665,1b70d76b-color_aug_3.png,0.0
476.739013671875,160.33599853515625,449.3330078125,136.31300354003906,54.8129997253418,48.04600143432617,,301.9665,1b70d76b-color_aug_3.png,0.0
341.4179992675781,103.08000183105469,318.9100036621094,87.97000122070312,45.016998291015625,30.222000122070312,,182.4028,1b70d76b-color_aug_4.png,0.0
341.5069885253906,164.14300537109375,319.4289855957031,149.0590057373047,44.15700149536133,30.16900062561035,,355.7028,1b70d76b-color_aug_4.png,0.0
397.3630065917969,165.38699340820312,380.4389953613281,143.16799926757812,33.847999572753906,44.4379997253418,,77.6028,1b70d76b-color_aug_4.png,0.0
396.72601318359375,70.85800170898438,379.656005859375,48.58399963378906,34.13999938964844,44.547000885009766,,81.8028,1b70d76b-color_aug_4.png,0.0
452.53399658203125,70.62200164794922,427.3609924316406,51.902000427246094,50.345001220703125,37.439998626708984,,10.3028,1b70d76b-color_aug_4.png,0.0
451.8580017089844,133.21400451660156,424.9200134277344,108.59400177001953,53.875,49.23899841308594,,308.6028,1b70d76b-color_aug_4.png,0.0
370.9649963378906,130.46200561523438,349.8699951171875,116.50700378417969,42.191001892089844,27.90999984741211,,186.0,1b70d76b-color_aug_5.png,0.0
367.18499755859375,191.97500610351562,346.5090026855469,178.02000427246094,41.35100173950195,27.90999984741211,,359.3,1b70d76b-color_aug_5.png,0.0
421.4169921875,196.64199829101562,406.2489929199219,175.1269989013672,30.336000442504883,43.03099822998047,,81.2,1b70d76b-color_aug_5.png,0.0
426.78399658203125,101.38600158691406,411.47601318359375,79.8239974975586,30.615999221801758,43.124000549316406,,85.4,1b70d76b-color_aug_5.png,0.0
481.06298828125,104.55999755859375,457.5870056152344,87.10399627685547,46.95100021362305,34.90999984741211,,13.9,1b70d76b-color_aug_5.png,0.0
476.4429931640625,167.5659942626953,451.6130065917969,144.22999572753906,49.65800094604492,46.67100143432617,,312.2,1b70d76b-color_aug_5.png,0.0
389.7650146484375,130.50900268554688,365.5929870605469,101.802001953125,48.34400177001953,57.41400146484375,,122.514,8f501e6b-color_aug_1.png,0.0
385.3009948730469,200.68099975585938,363.3590087890625,173.18899536132812,43.882999420166016,54.983001708984375,,293.7086,8f501e6b-color_aug_1.png,0.0
440.02899169921875,206.85000610351562,423.5530090332031,182.57000732421875,32.952999114990234,48.56100082397461,,84.8408,8f501e6b-color_aug_1.png,0.0
447.44000244140625,100.78900146484375,421.3160095214844,72.6240005493164,52.24700164794922,56.33000183105469,,314.0311,8f501e6b-color_aug_1.png,0.0
502.62298583984375,104.59600067138672,481.08099365234375,77.05000305175781,43.08399963378906,55.09299850463867,,291.2333,8f501e6b-color_aug_1.png,0.0
497.47100830078125,174.55599975585938,478.0580139160156,148.03799438476562,38.82600021362305,53.0359992980957,,253.9304,8f501e6b-color_aug_1.png,0.0
387.5610046386719,149.6649932861328,361.45001220703125,124.13600158691406,52.22100067138672,51.05699920654297,,132.5336,8f501e6b-color_aug_2.png,0.0
374.89898681640625,205.3260040283203,350.9179992675781,180.74400329589844,47.9630012512207,49.165000915527344,,303.3336,8f501e6b-color_aug_2.png,0.0
426.40301513671875,217.02000427246094,407.8349914550781,195.5290069580078,37.13600158691406,42.981998443603516,,92.0336,8f501e6b-color_aug_2.png,0.0
445.9909973144531,132.6060028076172,417.9630126953125,107.26399993896484,56.05500030517578,50.683998107910156,,324.2336,8f501e6b-color_aug_2.png,0.0
498.6189880371094,142.05799865722656,474.83599853515625,117.58799743652344,47.566001892089844,48.939998626708984,,300.6336,8f501e6b-color_aug_2.png,0.0
485.5830078125,197.96299743652344,463.8590087890625,174.30599975585938,43.446998596191406,47.31399917602539,,259.9336,8f501e6b-color_aug_2.png,0.0
312.1210021972656,149.58799743652344,282.9949951171875,125.197998046875,58.250999450683594,48.779998779296875,,93.9997,8f501e6b-color_aug_3.png,0.0
338.0610046386719,191.5959930419922,310.9110107421875,168.4149932861328,54.29999923706055,46.361000061035156,,264.7997,8f501e6b-color_aug_3.png,0.0
382.9360046386719,174.80099487304688,361.052001953125,155.16700744628906,43.76900100708008,39.26900100708008,,53.4997,8f501e6b-color_aug_3.png,0.0
343.87799072265625,110.91300201416016,313.3380126953125,86.14700317382812,61.08000183105469,49.53200149536133,,285.6997,8f501e6b-color_aug_3.png,0.0
388.156005859375,92.13600158691406,361.1990051269531,69.08499908447266,53.91400146484375,46.10200119018555,,262.0997,8f501e6b-color_aug_3.png,0.0
413.97601318359375,134.47799682617188,388.8949890136719,112.5270004272461,50.16299819946289,43.90299987792969,,221.3997,8f501e6b-color_aug_3.png,0.0
364.3330078125,113.36900329589844,338.281005859375,84.87999725341797,52.104000091552734,56.979000091552734,,122.8,8f501e6b-color_aug_4.png,0.0
361.7330017089844,185.6750030517578,338.0639953613281,157.99899291992188,47.3380012512207,55.354000091552734,,293.6,8f501e6b-color_aug_4.png,0.0
423.5320129394531,190.17100524902344,405.7669982910156,165.47300720214844,35.529998779296875,49.395999908447266,,82.3,8f501e6b-color_aug_4.png,0.0
427.91900634765625,80.43800354003906,399.4840087890625,52.5989990234375,56.869998931884766,55.67900085449219,,314.5,8f501e6b-color_aug_4.png,0.0
490.5299987792969,81.9010009765625,467.0780029296875,54.332000732421875,46.90399932861328,55.137001037597656,,290.9,8f501e6b-color_aug_4.png,0.0
487.5509948730469,154.58599853515625,466.4280090332031,127.66799926757812,42.24599838256836,53.83700180053711,,250.2,8f501e6b-color_aug_4.png,0.0
336.8500061035156,131.10000610351562,312.79998779296875,104.80000305175781,48.099998474121094,52.599998474121094,,122.8,8f501e6b-color_aug_5.png,0.0
334.45001220703125,197.85000610351562,312.6000061035156,172.3000030517578,43.70000076293945,51.099998474121094,,293.6,8f501e6b-color_aug_5.png,0.0
391.5,202.0,375.1000061035156,179.1999969482422,32.79999923706055,45.599998474121094,,82.3,8f501e6b-color_aug_5.png,0.0
395.54998779296875,100.69999694824219,369.29998779296875,75.0,52.5,51.400001525878906,,314.5,8f501e6b-color_aug_5.png,0.0
453.3500061035156,102.05000305175781,431.70001220703125,76.5999984741211,43.29999923706055,50.900001525878906,,290.9,8f501e6b-color_aug_5.png,0.0
450.6000061035156,169.14999389648438,431.1000061035156,144.3000030517578,39.0,49.70000076293945,,250.2,8f501e6b-color_aug_5.png,0.0
373.6000061035156,85.69999694824219,349.0,59.29999923706055,49.20000076293945,52.79999923706055,,123.7,0ff35cbe-color_aug_1.png,0.0
371.45001220703125,151.85000610351562,349.6000061035156,126.30000305175781,43.70000076293945,51.099998474121094,,295.7,0ff35cbe-color_aug_1.png,0.0
429.1000061035156,155.8000030517578,413.0,133.6999969482422,32.20000076293945,44.20000076293945,,83.1,0ff35cbe-color_aug_1.png,0.0
487.25,123.25,465.8999938964844,97.5,42.70000076293945,51.5,,249.1,0ff35cbe-color_aug_1.png,0.0
489.6000061035156,56.25,466.29998779296875,30.0,46.599998474121094,52.5,,289.8,0ff35cbe-color_aug_1.png,0.0
433.29998779296875,54.0,406.70001220703125,27.5,53.20000076293945,53.0,,51.3,0ff35cbe-color_aug_1.png,0.0
404.6000061035156,144.6999969482422,380.0,118.30000305175781,49.20000076293945,52.79999923706055,,123.7,0ff35cbe-color_aug_2.png,0.0
402.45001220703125,210.85000610351562,380.6000061035156,185.3000030517578,43.70000076293945,51.099998474121094,,295.7,0ff35cbe-color_aug_2.png,0.0
460.1000061035156,214.8000030517578,444.0,192.6999969482422,32.20000076293945,44.20000076293945,,83.1,0ff35cbe-color_aug_2.png,0.0
518.25,182.25,496.8999938964844,156.5,42.70000076293945,51.5,,249.1,0ff35cbe-color_aug_2.png,0.0
520.5999755859375,115.25,497.29998779296875,89.0,46.599998474121094,52.5,,289.8,0ff35cbe-color_aug_2.png,0.0
464.29998779296875,113.0,437.70001220703125,86.5,53.20000076293945,53.0,,51.3,0ff35cbe-color_aug_2.png,0.0
333.02398681640625,164.4510040283203,304.9320068359375,141.08999633789062,56.185001373291016,46.722999572753906,,98.0184,0ff35cbe-color_aug_3.png,0.0
352.9639892578125,204.4510040283203,327.4410095214844,182.68800354003906,51.047000885009766,43.5260009765625,,270.6375,0ff35cbe-color_aug_3.png,0.0
393.4339904785156,189.1790008544922,373.4840087890625,171.37600708007812,39.89899826049805,35.60499954223633,,59.5326,0ff35cbe-color_aug_3.png,0.0
422.375,152.69400024414062,397.4049987792969,131.22799682617188,49.941001892089844,42.93199920654297,,225.9811,0ff35cbe-color_aug_3.png,0.0
403.2919921875,112.14800262451172,376.5050048828125,89.56099700927734,53.571998596191406,45.17300033569336,,265.4868,0ff35cbe-color_aug_3.png,0.0
364.135009765625,127.38899993896484,334.72198486328125,103.46499633789062,58.82699966430664,47.84700012207031,,27.0546,0ff35cbe-color_aug_3.png,0.0
374.218994140625,122.35700225830078,349.3349914550781,95.6520004272461,49.768001556396484,53.40999984741211,,123.7,0ff35cbe-color_aug_4.png,0.0
372.04400634765625,189.27099609375,349.9419860839844,163.42599487304688,44.20500183105469,51.689998626708984,,295.7,0ff35cbe-color_aug_4.png,0.0
430.3599853515625,193.26600646972656,414.0740051269531,170.91099548339844,32.571998596191406,44.71099853515625,,83.1,0ff35cbe-color_aug_4.png,0.0
489.1820068359375,160.33999633789062,467.5849914550781,134.29299926757812,43.19300079345703,52.095001220703125,,249.1,0ff35cbe-color_aug_4.png,0.0
491.5589904785156,92.56700134277344,467.989990234375,66.01300048828125,47.13800048828125,53.10599899291992,,289.8,0ff35cbe-color_aug_4.png,0.0
434.6090087890625,90.29100036621094,407.70098876953125,63.48400115966797,53.81399917602539,53.61199951171875,,51.3,0ff35cbe-color_aug_4.png,0.0
393.6000061035156,113.69999694824219,369.0,87.30000305175781,49.20000076293945,52.79999923706055,,123.7,0ff35cbe-color_aug_5.png,0.0
391.45001220703125,179.85000610351562,369.6000061035156,154.3000030517578,43.70000076293945,51.099998474121094,,295.7,0ff35cbe-color_aug_5.png,0.0
449.1000061035156,183.8000030517578,433.0,161.6999969482422,32.20000076293945,44.20000076293945,,83.1,0ff35cbe-color_aug_5.png,0.0
507.25,151.25,485.8999938964844,125.5,42.70000076293945,51.5,,249.1,0ff35cbe-color_aug_5.png,0.0
509.6000061035156,84.25,486.29998779296875,58.0,46.599998474121094,52.5,,289.8,0ff35cbe-color_aug_5.png,0.0
453.29998779296875,82.0,426.70001220703125,55.5,53.20000076293945,53.0,,51.3,0ff35cbe-color_aug_5.png,0.0
374.5,195.89999389648438,348.6000061035156,168.3000030517578,51.79999923706055,55.20000076293945,,58.4,b9fceb28-color_aug_1.png,0.0
383.45001220703125,266.8999938964844,356.3999938964844,239.8000030517578,54.099998474121094,54.20000076293945,,227.7,b9fceb28-color_aug_1.png,0.0
442.6000061035156,259.0,423.79998779296875,233.8000030517578,37.599998474121094,50.400001525878906,,79.1,b9fceb28-color_aug_1.png,0.0
432.6499938964844,149.75,403.6000061035156,123.69999694824219,58.099998474121094,52.099998474121094,,216.3,b9fceb28-color_aug_1.png,0.0
492.70001220703125,142.14999389648438,466.1000061035156,112.30000305175781,53.20000076293945,59.70000076293945,,61.6,b9fceb28-color_aug_1.png,0.0
351.2239990234375,161.6750030517578,324.7030029296875,134.656005859375,53.04100036621094,54.03900146484375,,51.4425,b9fceb28-color_aug_2.png,0.0
367.6520080566406,221.83999633789062,340.13800048828125,195.10699462890625,55.02799987792969,53.46500015258789,,220.6927,b9fceb28-color_aug_2.png,0.0
419.80999755859375,207.87600708007812,399.9100036621094,183.7740020751953,39.80099868774414,48.20399856567383,,71.9546,b9fceb28-color_aug_2.png,0.0
397.9259948730469,114.8280029296875,368.7349853515625,88.75800323486328,58.38100051879883,52.141998291015625,,209.0466,b9fceb28-color_aug_2.png,0.0
450.92999267578125,100.9729995727539,423.4570007324219,71.89800262451172,54.94499969482422,58.14899826049805,,54.577,b9fceb28-color_aug_2.png,0.0
364.5,129.89999389648438,338.6000061035156,102.30000305175781,51.79999923706055,55.20000076293945,,58.4,b9fceb28-color_aug_3.png,0.0
373.45001220703125,200.89999389648438,346.3999938964844,173.8000030517578,54.099998474121094,54.20000076293945,,227.7,b9fceb28-color_aug_3.png,0.0
432.6000061035156,193.0,413.79998779296875,167.8000030517578,37.599998474121094,50.400001525878906,,79.1,b9fceb28-color_aug_3.png,0.0
422.6499938964844,83.75,393.6000061035156,57.70000076293945,58.099998474121094,52.099998474121094,,216.3,b9fceb28-color_aug_3.png,0.0
482.70001220703125,76.1500015258789,456.1000061035156,46.29999923706055,53.20000076293945,59.70000076293945,,61.6,b9fceb28-color_aug_3.png,0.0
373.3710021972656,184.97999572753906,346.03900146484375,159.0749969482422,54.665000915527344,51.81100082397461,,47.0257,b9fceb28-color_aug_4.png,0.0
393.5610046386719,239.61700439453125,365.3169860839844,213.9239959716797,56.48899841308594,51.387001037597656,,216.3257,b9fceb28-color_aug_4.png,0.0
443.5820007324219,223.98399353027344,422.8389892578125,201.1020050048828,41.486000061035156,45.76599884033203,,67.7257,b9fceb28-color_aug_4.png,0.0
415.8370056152344,139.30599975585938,386.0379943847656,114.1240005493164,59.597999572753906,50.36399841308594,,204.9257,b9fceb28-color_aug_4.png,0.0
466.6919860839844,123.76799774169922,438.3580017089844,95.9749984741211,56.667999267578125,55.58599853515625,,50.2257,b9fceb28-color_aug_4.png,0.0
372.9159851074219,161.28199768066406,345.02801513671875,134.58599853515625,55.777000427246094,53.391998291015625,,53.5603,b9fceb28-color_aug_5.png,0.0
385.21600341796875,221.4770050048828,356.5140075683594,195.57000732421875,57.40399932861328,51.8129997253418,,222.375,b9fceb28-color_aug_5.png,0.0
440.49700927734375,211.18800354003906,419.9599914550781,187.89500427246094,41.07500076293945,46.58700180053711,,75.4094,b9fceb28-color_aug_5.png,0.0
425.7510070800781,118.48400115966797,395.1820068359375,92.6449966430664,61.137001037597656,51.676998138427734,,211.9184,b9fceb28-color_aug_5.png,0.0
481.8179931640625,108.95600128173828,453.3330078125,80.29399871826172,56.970001220703125,57.32500076293945,,57.771,b9fceb28-color_aug_5.png,0.0
417.64599609375,116.43499755859375,389.9280090332031,91.48799896240234,55.4370002746582,49.893001556396484,,213.8,a2e293ac-color_aug_1.png,0.0
475.8550109863281,107.9729995727539,449.8380126953125,78.94200134277344,52.03300094604492,58.0629997253418,,58.1,a2e293ac-color_aug_1.png,0.0
361.5769958496094,160.78399658203125,336.3389892578125,133.99000549316406,50.47600173950195,53.5890007019043,,58.3,a2e293ac-color_aug_1.png,0.0
369.16400146484375,228.03700256347656,342.8550109863281,201.68099975585938,52.61600112915039,52.7130012512207,,227.5,a2e293ac-color_aug_1.png,0.0
427.66400146484375,221.08299255371094,408.89300537109375,196.9149932861328,37.54100036621094,48.33700180053711,,76.7,a2e293ac-color_aug_1.png,0.0
457.34600830078125,129.9040069580078,428.09100341796875,105.125,58.50899887084961,49.55799865722656,,224.9176,a2e293ac-color_aug_2.png,0.0
511.03900146484375,132.33099365234375,482.59100341796875,104.49500274658203,56.895999908447266,55.67300033569336,,69.2176,a2e293ac-color_aug_2.png,0.0
399.24700927734375,157.0780029296875,371.8909912109375,131.19000244140625,54.71200180053711,51.777000427246094,,69.4176,a2e293ac-color_aug_2.png,0.0
394.197998046875,213.12399291992188,365.9599914550781,187.42100524902344,56.47600173950195,51.40599822998047,,238.6176,a2e293ac-color_aug_2.png,0.0
447.8869934082031,216.82699584960938,426.79400634765625,194.11500549316406,42.18600082397461,45.422000885009766,,87.8176,a2e293ac-color_aug_2.png,0.0
432.4280090332031,85.77200317382812,405.9070129394531,61.90299987792969,53.04199981689453,47.737998962402344,,213.8,a2e293ac-color_aug_3.png,0.0
488.12200927734375,77.6760025024414,463.2300109863281,49.89899826049805,49.78499984741211,55.55400085449219,,58.1,a2e293ac-color_aug_3.png,0.0
378.7820129394531,128.20599365234375,354.63299560546875,102.56900024414062,48.29600143432617,51.27399826049805,,58.3,a2e293ac-color_aug_3.png,0.0
386.0400085449219,192.5540008544922,360.8680114746094,167.33599853515625,50.34299850463867,50.43600082397461,,227.5,a2e293ac-color_aug_3.png,0.0
442.01300048828125,185.9010009765625,424.0530090332031,162.7760009765625,35.91999816894531,46.249000549316406,,76.7,a2e293ac-color_aug_3.png,0.0
354.6809997558594,131.84300231933594,324.7449951171875,107.82599639892578,59.87099838256836,48.03499984741211,,190.19,a2e293ac-color_aug_4.png,0.0
396.822998046875,110.68699645996094,366.8389892578125,84.58499908447266,59.96699905395508,52.202999114990234,,33.8064,a2e293ac-color_aug_4.png,0.0
326.25799560546875,175.25799560546875,297.552001953125,150.71200561523438,57.4119987487793,49.09299850463867,,34.1403,a2e293ac-color_aug_4.png,0.0
355.04998779296875,216.00999450683594,325.5849914550781,191.35899353027344,58.930999755859375,49.301998138427734,,203.575,a2e293ac-color_aug_4.png,0.0
398.13299560546875,195.50799560546875,375.2900085449219,174.48699951171875,45.68600082397461,42.04199981689453,,52.335,a2e293ac-color_aug_4.png,0.0
428.0950012207031,104.53199768066406,399.11700439453125,77.03800201416016,57.95600128173828,54.98699951171875,,215.3074,a2e293ac-color_aug_5.png,0.0
487.3420104980469,94.16899871826172,459.85400390625,62.314998626708984,54.97600173950195,63.70600128173828,,61.1121,a2e293ac-color_aug_5.png,0.0
369.843994140625,153.41900634765625,343.4840087890625,124.14600372314453,52.720001220703125,58.54800033569336,,60.6016,a2e293ac-color_aug_5.png,0.0
375.48199462890625,224.8280029296875,348.2239990234375,196.31100463867188,54.516998291015625,57.03499984741211,,229.2566,a2e293ac-color_aug_5.png,0.0
434.4580078125,216.052001953125,414.76800537109375,190.04800415039062,39.37900161743164,52.007999420166016,,79.1513,a2e293ac-color_aug_5.png,0.0
374.65399169921875,226.4949951171875,342.75299072265625,193.75100708007812,63.80099868774414,65.48699951171875,,231.1336,0dbbf327-color_aug_1.png,0.0
444.61700439453125,217.39999389648438,421.6600036621094,187.3509979248047,45.91600036621094,60.097999572753906,,77.3575,0dbbf327-color_aug_1.png,0.0
364.45098876953125,143.64100646972656,333.8500061035156,110.31700134277344,61.20100021362305,66.64700317382812,,57.4884,0dbbf327-color_aug_1.png,0.0
430.8160095214844,88.20899963378906,397.1440124511719,57.02299880981445,67.34500122070312,62.37200164794922,,213.8686,0dbbf327-color_aug_1.png,0.0
500.6300048828125,76.9280014038086,468.7829895019531,40.6349983215332,63.69300079345703,72.58699798583984,,61.2599,0dbbf327-color_aug_1.png,0.0
387.54998779296875,211.6999969482422,360.5,184.60000610351562,54.099998474121094,54.20000076293945,,230.9,0dbbf327-color_aug_2.png,0.0
447.70001220703125,204.5500030517578,428.3999938964844,179.6999969482422,38.599998474121094,49.70000076293945,,77.8,0dbbf327-color_aug_2.png,0.0
379.75,142.5500030517578,353.79998779296875,115.0,51.900001525878906,55.099998474121094,,57.4,0dbbf327-color_aug_2.png,0.0
437.3999938964844,96.94999694824219,408.8999938964844,71.30000305175781,57.0,51.29999923706055,,213.8,0dbbf327-color_aug_2.png,0.0
497.25,88.25,470.5,58.400001525878906,53.5,59.70000076293945,,61.4,0dbbf327-color_aug_2.png,0.0
312.8299865722656,184.68800354003906,283.3399963378906,160.25,58.98099899291992,48.87699890136719,,205.2033,0dbbf327-color_aug_3.png,0.0
354.5459899902344,162.6999969482422,331.5530090332031,141.9040069580078,45.986000061035156,41.59199905395508,,52.1033,0dbbf327-color_aug_3.png,0.0
282.6159973144531,144.8489990234375,253.7760009765625,120.45899963378906,57.680999755859375,48.78099822998047,,31.7033,0dbbf327-color_aug_3.png,0.0
308.8819885253906,100.16999816894531,278.8389892578125,76.19000244140625,60.08700180053711,47.96099853515625,,188.1033,0dbbf327-color_aug_3.png,0.0
349.8280029296875,77.32499694824219,319.5849914550781,51.29899978637695,60.486000061035156,52.051998138427734,,35.7033,0dbbf327-color_aug_3.png,0.0
371.8380126953125,227.38699340820312,344.0989990234375,199.5959930419922,55.47800064086914,55.58100128173828,,230.9,0dbbf327-color_aug_4.png,0.0
433.5199890136719,220.0540008544922,413.7279968261719,194.5709991455078,39.58300018310547,50.965999603271484,,77.8,0dbbf327-color_aug_4.png,0.0
363.8389892578125,156.47500610351562,337.2279968261719,128.22300720214844,53.22200012207031,56.50400161743164,,57.4,0dbbf327-color_aug_4.png,0.0
422.9580078125,109.71299743652344,393.73199462890625,83.41000366210938,58.45199966430664,52.606998443603516,,213.8,0dbbf327-color_aug_4.png,0.0
484.3330078125,100.79199981689453,456.9010009765625,70.18099975585938,54.862998962402344,61.22100067138672,,61.4,0dbbf327-color_aug_4.png,0.0
356.74798583984375,227.802001953125,328.1759948730469,200.4250030517578,57.14400100708008,54.75199890136719,,229.0188,0dbbf327-color_aug_5.png,0.0
417.0799865722656,220.2429962158203,396.0690002441406,194.93499755859375,42.02299880981445,50.61600112915039,,74.8186,0dbbf327-color_aug_5.png,0.0
345.1709899902344,158.4219970703125,317.72601318359375,130.33999633789062,54.888999938964844,56.16299819946289,,55.1057,0dbbf327-color_aug_5.png,0.0
400.82000732421875,111.30999755859375,370.4639892578125,84.6709976196289,60.7130012512207,53.27799987792969,,211.9514,0dbbf327-color_aug_5.png,0.0
461.6730041503906,101.05599975585938,432.406005859375,69.89099884033203,58.534000396728516,62.33000183105469,,58.5399,0dbbf327-color_aug_5.png,0.0
366.2449951171875,228.593994140625,340.5480041503906,201.46600341796875,51.39400100708008,54.25600051879883,,225.9352,511d7008-color_aug_1.png,0.0
421.86700439453125,216.49899291992188,403.125,193.00999450683594,37.48400115966797,46.97800064086914,,75.4352,511d7008-color_aug_1.png,0.0
351.22601318359375,165.2480010986328,325.1199951171875,137.68099975585938,52.21200180053711,55.1349983215332,,58.0352,511d7008-color_aug_1.png,0.0
401.2619934082031,116.87999725341797,372.18701171875,90.66200256347656,58.1510009765625,52.43600082397461,,213.3352,511d7008-color_aug_1.png,0.0
457.7959899902344,103.98699951171875,431.94000244140625,75.09600067138672,51.709999084472656,57.78300094604492,,62.1352,511d7008-color_aug_1.png,0.0
389.6319885253906,246.3520050048828,360.989990234375,214.75,57.28300094604492,63.20500183105469,,229.4,511d7008-color_aug_2.png,0.0
456.42401123046875,235.5330047607422,435.8110046386719,207.91700744628906,41.224998474121094,55.233001708984375,,78.9,511d7008-color_aug_2.png,0.0
376.5350036621094,167.71600341796875,347.43798828125,135.6009979248047,58.194000244140625,64.2300033569336,,61.5,511d7008-color_aug_2.png,0.0
439.39801025390625,112.08499908447266,406.6570129394531,81.8489990234375,65.48200225830078,60.47200012207031,,216.8,511d7008-color_aug_2.png,0.0
507.3290100097656,100.3550033569336,478.6310119628906,66.58899688720703,57.39699935913086,67.53199768066406,,65.6,511d7008-color_aug_2.png,0.0
363.0570068359375,242.26699829101562,336.00299072265625,216.74099731445312,54.108001708984375,51.053001403808594,,243.6221,511d7008-color_aug_3.png,0.0
414.3840026855469,246.27999877929688,394.00201416015625,224.70899963378906,40.763999938964844,43.14400100708008,,93.1221,511d7008-color_aug_3.png,0.0
368.10101318359375,188.4340057373047,340.614990234375,162.4949951171875,54.972999572753906,51.87799835205078,,75.7221,511d7008-color_aug_3.png,0.0
424.9119873046875,162.35699462890625,395.0870056152344,137.04600524902344,59.64899826049805,50.62300109863281,,231.0221,511d7008-color_aug_3.png,0.0
477.25,165.96099853515625,449.7489929199219,139.00399780273438,55.00199890136719,53.915000915527344,,79.8221,511d7008-color_aug_3.png,0.0
368.2460021972656,223.27499389648438,337.6239929199219,193.1649932861328,61.244998931884766,60.22100067138672,,219.5384,511d7008-color_aug_4.png,0.0
426.4779968261719,204.81300354003906,403.6789855957031,179.13299560546875,45.59600067138672,51.361000061035156,,69.0384,511d7008-color_aug_4.png,0.0
344.2340087890625,160.4239959716797,313.12298583984375,129.8260040283203,62.22200012207031,61.19499969482422,,51.6384,511d7008-color_aug_4.png,0.0
391.9530029296875,105.63800048828125,357.8659973144531,76.06600189208984,68.17400360107422,59.14400100708008,,206.9384,511d7008-color_aug_4.png,0.0
451.0639953613281,86.26300048828125,420.0530090332031,54.36399841308594,62.02199935913086,63.79899978637695,,55.7384,511d7008-color_aug_4.png,0.0
384.7820129394531,265.927001953125,357.54998779296875,240.56199645996094,54.4630012512207,50.729000091552734,,245.0381,511d7008-color_aug_5.png,0.0
435.5010070800781,270.9700012207031,414.9119873046875,249.5959930419922,41.178001403808594,42.74800109863281,,94.5381,511d7008-color_aug_5.png,0.0
391.25799560546875,213.23800659179688,363.5920104980469,187.46299743652344,55.33300018310547,51.54800033569336,,77.1381,511d7008-color_aug_5.png,0.0
448.2349853515625,188.88800048828125,418.3030090332031,163.66299438476562,59.86399841308594,50.44900131225586,,232.4381,511d7008-color_aug_5.png,0.0
499.96600341796875,193.552001953125,472.25299072265625,166.79200744628906,55.42599868774414,53.52000045776367,,81.2381,511d7008-color_aug_5.png,0.0
472.489990234375,167.177001953125,445.2699890136719,140.04200744628906,54.439998626708984,54.27000045776367,,74.9431,2be783c8-color_aug_1.png,0.0
359.8349914550781,249.83599853515625,333.0480041503906,224.01199340820312,53.57400131225586,51.64699935913086,,243.9431,2be783c8-color_aug_1.png,0.0
412.1470031738281,252.18499755859375,392.0820007324219,230.26400756835938,40.130001068115234,43.84199905395508,,93.6431,2be783c8-color_aug_1.png,0.0
362.72601318359375,194.01699829101562,335.9419860839844,167.85899353027344,53.56700134277344,52.314998626708984,,71.5431,2be783c8-color_aug_1.png,0.0
419.3450012207031,165.68600463867188,389.3059997558594,139.6820068359375,60.077999114990234,52.00899887084961,,227.6431,2be783c8-color_aug_1.png,0.0
480.1919860839844,198.2899932861328,451.3160095214844,172.82899475097656,57.750999450683594,50.922000885009766,,87.6416,2be783c8-color_aug_2.png,0.0
359.5119934082031,248.16200256347656,331.31298828125,223.76699829101562,56.39799880981445,48.790000915527344,,256.6416,2be783c8-color_aug_2.png,0.0
406.3599853515625,259.031005859375,384.6000061035156,238.8209991455078,43.52000045776367,40.41999816894531,,106.3416,2be783c8-color_aug_2.png,0.0
374.7250061035156,202.0229949951172,346.4460144042969,177.3780059814453,56.55699920654297,49.29100036621094,,84.2416,2be783c8-color_aug_2.png,0.0
432.3949890136719,187.99600219726562,401.50299072265625,162.85899353027344,61.784000396728516,50.275001525878906,,240.3416,2be783c8-color_aug_2.png,0.0
491.5190124511719,107.90699768066406,463.2489929199219,76.81600189208984,56.53900146484375,62.18199920654297,,60.8819,2be783c8-color_aug_3.png,0.0
385.906005859375,240.76499938964844,357.5669860839844,212.03399658203125,56.678001403808594,57.46099853515625,,229.2974,2be783c8-color_aug_3.png,0.0
448.3970031738281,231.0500030517578,428.05999755859375,206.00399780273438,40.67499923706055,50.09000015258789,,79.0822,2be783c8-color_aug_3.png,0.0
370.3179931640625,168.7790069580078,341.8179931640625,139.12399291992188,57.000999450683594,59.310001373291016,,56.8205,2be783c8-color_aug_3.png,0.0
428.0260009765625,118.66600036621094,395.4630126953125,89.86399841308594,65.12699890136719,57.60499954223633,,214.4099,2be783c8-color_aug_3.png,0.0
505.20001220703125,116.5999984741211,479.8999938964844,87.19999694824219,50.599998474121094,58.79999923706055,,62.9,2be783c8-color_aug_4.png,0.0
401.8500061035156,244.64999389648438,376.70001220703125,216.89999389648438,50.29999923706055,55.5,,231.9,2be783c8-color_aug_4.png,0.0
460.5,235.14999389648438,442.3999938964844,210.89999389648438,36.20000076293945,48.5,,81.6,2be783c8-color_aug_4.png,0.0
390.45001220703125,175.5,365.3999938964844,147.3000030517578,50.099998474121094,56.400001525878906,,59.5,2be783c8-color_aug_4.png,0.0
445.8500061035156,127.3499984741211,416.79998779296875,100.19999694824219,58.099998474121094,54.29999923706055,,215.6,2be783c8-color_aug_4.png,0.0
515.7119750976562,144.3820037841797,490.1929931640625,113.88300323486328,51.03799819946289,60.99700164794922,,67.911,2be783c8-color_aug_5.png,0.0
411.37200927734375,272.447998046875,386.239990234375,244.63800048828125,50.263999938964844,55.62099838256836,,235.2226,2be783c8-color_aug_5.png,0.0
467.0220031738281,263.2760009765625,448.7969970703125,239.0919952392578,36.44900131225586,48.36899948120117,,85.1992,2be783c8-color_aug_5.png,0.0
403.76300048828125,202.5679931640625,378.4360046386719,173.50599670410156,50.65399932861328,58.12300109863281,,63.2316,2be783c8-color_aug_5.png,0.0
459.0539855957031,154.2209930419922,429.9700012207031,125.83699798583984,58.167999267578125,56.768001556396484,,219.5324,2be783c8-color_aug_5.png,0.0
497.20001220703125,62.599998474121094,471.8999938964844,33.20000076293945,50.599998474121094,58.79999923706055,,63.7,35f47be5-color_aug_1.png,0.0
437.8500061035156,73.3499984741211,408.79998779296875,46.20000076293945,58.099998474121094,54.29999923706055,,217.3,35f47be5-color_aug_1.png,0.0
382.45001220703125,121.5,357.3999938964844,93.30000305175781,50.099998474121094,56.400001525878906,,60.8,35f47be5-color_aug_1.png,0.0
393.8500061035156,190.64999389648438,368.70001220703125,162.89999389648438,50.29999923706055,55.5,,230.8,35f47be5-color_aug_1.png,0.0
452.5,181.14999389648438,434.3999938964844,156.89999389648438,36.20000076293945,48.5,,79.2,35f47be5-color_aug_1.png,0.0
507.20001220703125,64.5999984741211,481.8999938964844,35.20000076293945,50.599998474121094,58.79999923706055,,63.7,35f47be5-color_aug_2.png,0.0
447.8500061035156,75.3499984741211,418.79998779296875,48.20000076293945,58.099998474121094,54.29999923706055,,217.3,35f47be5-color_aug_2.png,0.0
392.45001220703125,123.5,367.3999938964844,95.30000305175781,50.099998474121094,56.400001525878906,,60.8,35f47be5-color_aug_2.png,0.0
403.8500061035156,192.64999389648438,378.70001220703125,164.89999389648438,50.29999923706055,55.5,,230.8,35f47be5-color_aug_2.png,0.0
462.5,183.14999389648438,444.3999938964844,158.89999389648438,36.20000076293945,48.5,,79.2,35f47be5-color_aug_2.png,0.0
478.8800048828125,88.5510025024414,451.6820068359375,57.66400146484375,54.39699935913086,61.77399826049805,,61.6079,35f47be5-color_aug_3.png,0.0
420.1310119628906,100.49600219726562,389.656005859375,71.9020004272461,60.95000076293945,57.1870002746582,,216.8229,35f47be5-color_aug_3.png,0.0
367.1679992675781,151.4810028076172,340.7929992675781,121.58399963378906,52.75,59.792999267578125,,59.889,35f47be5-color_aug_3.png,0.0
381.9580078125,224.7550048828125,355.15301513671875,194.82400512695312,53.608001708984375,59.861000061035156,,230.6429,35f47be5-color_aug_3.png,0.0
440.8340148925781,214.10800170898438,421.0509948730469,187.9709930419922,39.56800079345703,52.27399826049805,,76.7765,35f47be5-color_aug_3.png,0.0
352.5840148925781,103.2490005493164,323.7229919433594,79.44300079345703,57.7239990234375,47.611000061035156,,33.0308,35f47be5-color_aug_4.png,0.0
315.7850036621094,127.41899871826172,285.2099914550781,103.63099670410156,61.1510009765625,47.57600021362305,,186.5425,35f47be5-color_aug_4.png,0.0
294.552001953125,170.1269989013672,266.0740051269531,146.8159942626953,56.95600128173828,46.62300109863281,,31.3096,35f47be5-color_aug_4.png,0.0
326.7869873046875,203.7830047607422,298.07598876953125,180.34300231933594,57.422000885009766,46.880001068115234,,201.0933,35f47be5-color_aug_4.png,0.0
364.3169860839844,180.00999450683594,341.96600341796875,160.77499389648438,44.70199966430664,38.470001220703125,,50.1843,35f47be5-color_aug_4.png,0.0
460.4750061035156,137.70799255371094,434.77801513671875,108.94300079345703,51.39400100708008,57.52899932861328,,65.6991,35f47be5-color_aug_5.png,0.0
402.3739929199219,148.6999969482422,372.9200134277344,121.96299743652344,58.90800094604492,53.4739990234375,,217.8554,35f47be5-color_aug_5.png,0.0
346.1669921875,196.3179931640625,320.38800048828125,168.41900634765625,51.558998107910156,55.797000885009766,,62.414,35f47be5-color_aug_5.png,0.0
354.4809875488281,263.75201416015625,328.6600036621094,236.2100067138672,51.641998291015625,55.08399963378906,,231.784,35f47be5-color_aug_5.png,0.0
412.19500732421875,253.49400329589844,393.572998046875,229.5970001220703,37.24399948120117,47.79499816894531,,81.5532,35f47be5-color_aug_5.png,0.0
356.24798583984375,145.5760040283203,339.3110046386719,124.21199798583984,33.874000549316406,42.72800064086914,,293.0998,d96bca7a-color_aug_1.png,0.0
360.74798583984375,95.58699798583984,338.4729919433594,72.13500213623047,44.54999923706055,46.90299987792969,,54.8176,d96bca7a-color_aug_1.png,0.0
418.75799560546875,98.08799743652344,395.64300537109375,78.06400299072266,46.23099899291992,40.04600143432617,,331.2232,d96bca7a-color_aug_1.png,0.0
444.0199890136719,148.6739959716797,422.57501220703125,132.1020050048828,42.89099884033203,33.14400100708008,,11.7387,d96bca7a-color_aug_1.png,0.0
441.3580017089844,198.58900451660156,420.6960144042969,183.5330047607422,41.32400131225586,30.113000869750977,,188.9425,d96bca7a-color_aug_1.png,0.0
359.5329895019531,130.9709930419922,340.87298583984375,106.77899932861328,37.32099914550781,48.382999420166016,,291.8,d96bca7a-color_aug_2.png,0.0
362.9960021972656,73.97899627685547,338.2760009765625,47.430999755859375,49.441001892089844,53.09600067138672,,53.8,d96bca7a-color_aug_2.png,0.0
429.4620056152344,77.44200134277344,403.6839904785156,54.8380012512207,51.55699920654297,45.20800018310547,,331.3,d96bca7a-color_aug_2.png,0.0
459.9540100097656,135.3470001220703,436.00299072265625,116.68699645996094,47.902000427246094,37.32099914550781,,12.1,d96bca7a-color_aug_2.png,0.0
458.510986328125,192.09800720214844,435.4259948730469,175.16900634765625,46.16999816894531,33.858001708984375,,189.3,d96bca7a-color_aug_2.png,0.0
358.4989929199219,137.8560028076172,341.1700134277344,115.39099884033203,34.65800094604492,44.930999755859375,,291.8,d96bca7a-color_aug_3.png,0.0
361.7149963378906,84.93099975585938,338.75799560546875,60.277000427246094,45.91299819946289,49.30799865722656,,53.8,d96bca7a-color_aug_3.png,0.0
423.4389953613281,88.14600372314453,399.5,67.15499877929688,47.87900161743164,41.983001708984375,,331.3,d96bca7a-color_aug_3.png,0.0
451.7550048828125,141.9199981689453,429.51300048828125,124.59100341796875,44.48400115966797,34.65800094604492,,12.1,d96bca7a-color_aug_3.png,0.0
450.4159851074219,194.6230010986328,428.97698974609375,178.9010009765625,42.875999450683594,31.44300079345703,,189.3,d96bca7a-color_aug_3.png,0.0
364.1000061035156,152.64999389648438,344.70001220703125,127.5,38.79999923706055,50.29999923706055,,291.8,d96bca7a-color_aug_4.png,0.0
367.70001220703125,93.4000015258789,342.0,65.80000305175781,51.400001525878906,55.20000076293945,,53.8,d96bca7a-color_aug_4.png,0.0
436.79998779296875,97.0,410.0,73.5,53.599998474121094,47.0,,331.3,d96bca7a-color_aug_4.png,0.0
468.5,157.1999969482422,443.6000061035156,137.8000030517578,49.79999923706055,38.79999923706055,,12.1,d96bca7a-color_aug_4.png,0.0
467.0,216.1999969482422,443.0,198.60000610351562,48.0,35.20000076293945,,189.3,d96bca7a-color_aug_4.png,0.0
336.1000061035156,123.6500015258789,316.70001220703125,98.5,38.79999923706055,50.29999923706055,,291.8,d96bca7a-color_aug_5.png,0.0
339.70001220703125,64.4000015258789,314.0,36.79999923706055,51.400001525878906,55.20000076293945,,53.8,d96bca7a-color_aug_5.png,0.0
408.79998779296875,68.0,382.0,44.5,53.599998474121094,47.0,,331.3,d96bca7a-color_aug_5.png,0.0
440.5,128.1999969482422,415.6000061035156,108.80000305175781,49.79999923706055,38.79999923706055,,12.1,d96bca7a-color_aug_5.png,0.0
439.0,187.1999969482422,415.0,169.60000610351562,48.0,35.20000076293945,,189.3,d96bca7a-color_aug_5.png,0.0
386.5360107421875,49.141998291015625,356.33099365234375,16.70400047302246,60.4109992980957,64.87699890136719,,55.7,ca8fd5c6-color_aug_1.png,0.0
467.75,53.374000549316406,436.25201416015625,25.753999710083008,62.99599838256836,55.23899841308594,,333.7,ca8fd5c6-color_aug_1.png,0.0
424.02801513671875,122.12899780273438,396.6440124511719,102.03099822998047,54.76900100708008,40.19499969482422,,10.4,ca8fd5c6-color_aug_1.png,0.0
505.0069885253906,124.12699890136719,475.74200439453125,101.32599639892578,58.529998779296875,45.60200119018555,,12.7,ca8fd5c6-color_aug_1.png,0.0
421.32501220703125,189.4739990234375,389.7090148925781,159.50399780273438,63.23099899291992,59.941001892089844,,146.5,ca8fd5c6-color_aug_1.png,0.0
503.2439880371094,193.47000122070312,475.0369873046875,172.78399658203125,56.415000915527344,41.37099838256836,,189.1,ca8fd5c6-color_aug_1.png,0.0
354.70001220703125,63.400001525878906,329.0,35.79999923706055,51.400001525878906,55.20000076293945,,55.7,ca8fd5c6-color_aug_2.png,0.0
423.79998779296875,67.0,397.0,43.5,53.599998474121094,47.0,,333.7,ca8fd5c6-color_aug_2.png,0.0
386.6000061035156,125.5,363.29998779296875,108.4000015258789,46.599998474121094,34.20000076293945,,10.4,ca8fd5c6-color_aug_2.png,0.0
455.5,127.19999694824219,430.6000061035156,107.80000305175781,49.79999923706055,38.79999923706055,,12.7,ca8fd5c6-color_aug_2.png,0.0
384.29998779296875,182.8000030517578,357.3999938964844,157.3000030517578,53.79999923706055,51.0,,146.5,ca8fd5c6-color_aug_2.png,0.0
454.0,186.1999969482422,430.0,168.60000610351562,48.0,35.20000076293945,,189.1,ca8fd5c6-color_aug_2.png,0.0
365.1289978027344,65.74500274658203,339.1820068359375,37.880001068115234,51.893001556396484,55.729000091552734,,55.7,ca8fd5c6-color_aug_3.png,0.0
434.8909912109375,69.37899780273438,407.8340148925781,45.65399932861328,54.11399841308594,47.45100021362305,,333.7,ca8fd5c6-color_aug_3.png,0.0
397.3349914550781,128.44000244140625,373.8110046386719,111.1760025024414,47.047000885009766,34.52799987792969,,10.4,ca8fd5c6-color_aug_3.png,0.0
466.8949890136719,130.15699768066406,441.7569885253906,110.56999969482422,50.27799987792969,39.172000885009766,,12.7,ca8fd5c6-color_aug_3.png,0.0
395.01300048828125,186.2899932861328,367.8550109863281,160.5449981689453,54.316001892089844,51.48899841308594,,146.5,ca8fd5c6-color_aug_3.png,0.0
465.3810119628906,189.7220001220703,441.1510009765625,171.95399475097656,48.459999084472656,35.53799819946289,,189.1,ca8fd5c6-color_aug_3.png,0.0
359.9939880371094,89.93399810791016,338.25299072265625,67.73300170898438,43.483001708984375,44.4010009765625,,54.111,ca8fd5c6-color_aug_4.png,0.0
417.5249938964844,93.66999816894531,394.864013671875,74.77899932861328,45.321998596191406,37.78300094604492,,335.2702,ca8fd5c6-color_aug_4.png,0.0
387.4519958496094,139.95700073242188,367.5840148925781,125.8949966430664,39.736000061035156,28.124000549316406,,10.6094,ca8fd5c6-color_aug_4.png,0.0
445.2139892578125,142.00100708007812,423.96600341796875,126.13800048828125,42.49700164794922,31.72599983215332,,12.8247,ca8fd5c6-color_aug_4.png,0.0
386.37298583984375,186.86399841308594,363.0920104980469,165.5970001220703,46.5620002746582,42.53499984741211,,147.2502,ca8fd5c6-color_aug_4.png,0.0
445.4700012207031,190.0540008544922,424.7799987792969,175.40699768066406,41.38100051879883,29.29400062561035,,189.243,ca8fd5c6-color_aug_4.png,0.0
407.3139953613281,138.74899291992188,379.0610046386719,114.01399993896484,56.50699996948242,49.46900177001953,,77.3889,ca8fd5c6-color_aug_5.png,0.0
459.4410095214844,159.0760040283203,431.59600830078125,136.73699951171875,55.68899917602539,44.67900085449219,,355.3889,ca8fd5c6-color_aug_5.png,0.0
412.8609924316406,187.65899658203125,389.67401123046875,170.4149932861328,46.375,34.48699951171875,,32.0889,ca8fd5c6-color_aug_5.png,0.0
465.4159851074219,206.69200134277344,440.2909851074219,187.5279998779297,50.25,38.327999114990234,,34.3889,ca8fd5c6-color_aug_5.png,0.0
393.53399658203125,224.53399658203125,365.0,200.86000061035156,57.069000244140625,47.34700012207031,,168.1889,ca8fd5c6-color_aug_5.png,0.0
446.1839904785156,244.88699340820312,422.3039855957031,227.13400268554688,47.7599983215332,35.505001068115234,,210.7889,ca8fd5c6-color_aug_5.png,0.0
414.3370056152344,56.89799880981445,387.74700927734375,30.60099983215332,53.180999755859375,52.59400177001953,,47.3,c63095ae-color_aug_1.png,0.0
411.25799560546875,115.16300201416016,389.0169982910156,99.03199768066406,44.47999954223633,32.2599983215332,,9.0,c63095ae-color_aug_1.png,0.0
407.5429992675781,171.3249969482422,381.6860046386719,146.3470001220703,51.7140007019043,49.95500183105469,,145.3,c63095ae-color_aug_1.png,0.0
474.9469909667969,175.8699951171875,453.2449951171875,160.13099670410156,43.404998779296875,31.47800064086914,,190.4,c63095ae-color_aug_1.png,0.0
477.9289855957031,117.65499877929688,455.10198974609375,100.69400024414062,45.65299987792969,33.922000885009766,,13.2,c63095ae-color_aug_1.png,0.0
481.93701171875,61.20000076293945,462.82501220703125,36.270999908447266,38.2239990234375,49.856998443603516,,79.2,c63095ae-color_aug_1.png,0.0
405.281005859375,74.4749984741211,381.2430114746094,50.70199966430664,48.07600021362305,47.54499816894531,,47.3,c63095ae-color_aug_2.png,0.0
402.49798583984375,127.14600372314453,382.3919982910156,112.56400299072266,40.209999084472656,29.163999557495117,,9.0,c63095ae-color_aug_2.png,0.0
399.1390075683594,177.91700744628906,375.7640075683594,155.33700561523438,46.75,45.159000396728516,,145.3,c63095ae-color_aug_2.png,0.0
460.072998046875,182.0260009765625,440.4540100097656,167.79800415039062,39.237998962402344,28.457000732421875,,190.4,c63095ae-color_aug_2.png,0.0
462.7690124511719,129.3990020751953,442.13299560546875,114.06600189208984,41.270999908447266,30.666000366210938,,13.2,c63095ae-color_aug_2.png,0.0
466.3919982910156,78.36299896240234,449.114990234375,55.827999114990234,34.55400085449219,45.07099914550781,,79.2,c63095ae-color_aug_2.png,0.0
437.5,39.70000076293945,410.29998779296875,12.800000190734863,54.400001525878906,53.79999923706055,,47.3,c63095ae-color_aug_3.png,0.0
434.3500061035156,99.30000305175781,411.6000061035156,82.80000305175781,45.5,33.0,,9.0,c63095ae-color_aug_3.png,0.0
430.54998779296875,156.75,404.1000061035156,131.1999969482422,52.900001525878906,51.099998474121094,,145.3,c63095ae-color_aug_3.png,0.0
499.5,161.39999389648438,477.29998779296875,145.3000030517578,44.400001525878906,32.20000076293945,,190.4,c63095ae-color_aug_3.png,0.0
502.54998779296875,101.8499984741211,479.20001220703125,84.5,46.70000076293945,34.70000076293945,,13.2,c63095ae-color_aug_3.png,0.0
506.6499938964844,44.099998474121094,487.1000061035156,18.600000381469727,39.099998474121094,51.0,,79.2,c63095ae-color_aug_3.png,0.0
430.86199951171875,86.98100280761719,401.9079895019531,59.077999114990234,57.90800094604492,55.805999755859375,,54.1554,c63095ae-color_aug_4.png,0.0
421.9949951171875,142.2480010986328,398.5849914550781,124.7750015258789,46.819000244140625,34.94499969482422,,15.3643,c63095ae-color_aug_4.png,0.0
412.7820129394531,194.62899780273438,385.093994140625,168.76400756835938,55.375999450683594,51.73099899291992,,150.7851,c63095ae-color_aug_4.png,0.0
477.6300048828125,205.54299926757812,454.9679870605469,188.73899841308594,45.32400131225586,33.608001708984375,,196.7147,c63095ae-color_aug_4.png,0.0
486.7489929199219,151.2270050048828,462.6860046386719,132.9290008544922,48.125999450683594,36.59700012207031,,19.6767,c63095ae-color_aug_4.png,0.0
496.8179931640625,97.90899658203125,475.34100341796875,72.10600280761719,42.95500183105469,51.60599899291992,,85.72,c63095ae-color_aug_4.png,0.0
403.5,41.70000076293945,376.29998779296875,14.800000190734863,54.400001525878906,53.79999923706055,,47.3,c63095ae-color_aug_5.png,0.0
400.3500061035156,101.30000305175781,377.6000061035156,84.80000305175781,45.5,33.0,,9.0,c63095ae-color_aug_5.png,0.0
396.54998779296875,158.75,370.1000061035156,133.1999969482422,52.900001525878906,51.099998474121094,,145.3,c63095ae-color_aug_5.png,0.0
465.5,163.39999389648438,443.29998779296875,147.3000030517578,44.400001525878906,32.20000076293945,,190.4,c63095ae-color_aug_5.png,0.0
468.54998779296875,103.8499984741211,445.20001220703125,86.5,46.70000076293945,34.70000076293945,,13.2,c63095ae-color_aug_5.png,0.0
472.6499938964844,46.099998474121094,453.1000061035156,20.600000381469727,39.099998474121094,51.0,,79.2,c63095ae-color_aug_5.png,0.0
434.79998779296875,17.549999237060547,410.70001220703125,0.0,48.20000076293945,35.099998474121094,,169.0,cf205ea6-color_aug_1.png,0.0
430.3999938964844,76.0999984741211,412.20001220703125,51.400001525878906,36.400001525878906,49.400001525878906,,278.6,cf205ea6-color_aug_1.png,0.0
428.04998779296875,134.3000030517578,409.1000061035156,109.80000305175781,37.900001525878906,49.0,,78.7,cf205ea6-color_aug_1.png,0.0
497.29998779296875,138.10000610351562,478.0,112.80000305175781,38.599998474121094,50.599998474121094,,249.7,cf205ea6-color_aug_1.png,0.0
504.8999938964844,80.30000305175781,482.70001220703125,64.19999694824219,44.400001525878906,32.20000076293945,,10.0,cf205ea6-color_aug_1.png,0.0
504.8999938964844,22.049999237060547,480.0,2.0,49.79999923706055,40.099998474121094,,164.7,cf205ea6-color_aug_1.png,0.0
413.3059997558594,139.01800537109375,389.0459899902344,120.53900146484375,48.51900100708008,36.95899963378906,,186.8509,cf205ea6-color_aug_2.png,0.0
394.281005859375,179.76300048828125,373.20599365234375,158.3800048828125,42.1510009765625,42.76599884033203,,296.4509,cf205ea6-color_aug_2.png,0.0
377.28399658203125,219.9550018310547,355.656005859375,198.54200744628906,43.25600051879883,42.82400131225586,,96.5509,cf205ea6-color_aug_2.png,0.0
432.1000061035156,238.2169952392578,409.9830017089844,216.16700744628906,44.23500061035156,44.10200119018555,,267.5509,cf205ea6-color_aug_2.png,0.0
453.2239990234375,199.48800659179688,431.1570129394531,183.2209930419922,44.13399887084961,32.534000396728516,,27.8509,cf205ea6-color_aug_2.png,0.0
468.3399963378906,158.73199462890625,443.0719909667969,139.09300231933594,50.53499984741211,39.27899932861328,,182.5509,cf205ea6-color_aug_2.png,0.0
459.0509948730469,155.92599487304688,434.7359924316406,137.48599243164062,48.63100051879883,36.880001068115234,,195.6048,cf205ea6-color_aug_3.png,0.0
434.12799072265625,190.4080047607422,411.8999938964844,170.11000061035156,44.45800018310547,40.59600067138672,,305.2048,cf205ea6-color_aug_3.png,0.0
411.2239990234375,224.63600158691406,388.52301025390625,204.23199462890625,45.402000427246094,40.805999755859375,,105.3048,cf205ea6-color_aug_3.png,0.0
460.1919860839844,247.73599243164062,436.94500732421875,226.7469940185547,46.49399948120117,41.97700119018555,,276.3048,cf205ea6-color_aug_3.png,0.0
486.76800537109375,215.32699584960938,464.76300048828125,198.98800659179688,44.0099983215332,32.676998138427734,,36.6048,cf205ea6-color_aug_3.png,0.0
507.98199462890625,180.36199951171875,482.57501220703125,160.84100341796875,50.81399917602539,39.04199981689453,,191.3048,cf205ea6-color_aug_3.png,0.0
422.79998779296875,89.44999694824219,398.70001220703125,70.80000305175781,48.20000076293945,37.29999923706055,,169.0,cf205ea6-color_aug_4.png,0.0
418.3999938964844,149.10000610351562,400.20001220703125,124.4000015258789,36.400001525878906,49.400001525878906,,278.6,cf205ea6-color_aug_4.png,0.0
416.04998779296875,207.3000030517578,397.1000061035156,182.8000030517578,37.900001525878906,49.0,,78.7,cf205ea6-color_aug_4.png,0.0
485.29998779296875,211.10000610351562,466.0,185.8000030517578,38.599998474121094,50.599998474121094,,249.7,cf205ea6-color_aug_4.png,0.0
492.8999938964844,153.3000030517578,470.70001220703125,137.1999969482422,44.400001525878906,32.20000076293945,,10.0,cf205ea6-color_aug_4.png,0.0
492.8999938964844,95.05000305175781,468.0,75.0,49.79999923706055,40.099998474121094,,164.7,cf205ea6-color_aug_4.png,0.0
452.79998779296875,61.45000076293945,428.70001220703125,42.79999923706055,48.20000076293945,37.29999923706055,,169.0,cf205ea6-color_aug_5.png,0.0
448.3999938964844,121.0999984741211,430.20001220703125,96.4000015258789,36.400001525878906,49.400001525878906,,278.6,cf205ea6-color_aug_5.png,0.0
446.04998779296875,179.3000030517578,427.1000061035156,154.8000030517578,37.900001525878906,49.0,,78.7,cf205ea6-color_aug_5.png,0.0
515.2999877929688,183.10000610351562,496.0,157.8000030517578,38.599998474121094,50.599998474121094,,249.7,cf205ea6-color_aug_5.png,0.0
522.9000244140625,125.30000305175781,500.70001220703125,109.19999694824219,44.400001525878906,32.20000076293945,,10.0,cf205ea6-color_aug_5.png,0.0
522.9000244140625,67.05000305175781,498.0,47.0,49.79999923706055,40.099998474121094,,164.7,cf205ea6-color_aug_5.png,0.0
402.18798828125,80.68800354003906,381.0920104980469,64.06500244140625,42.191001892089844,33.24599838256836,,169.1,8c81f790-color_aug_1.png,0.0
398.5589904785156,131.6540069580078,379.4049987792969,117.98400115966797,38.308998107910156,27.34000015258789,,6.1,8c81f790-color_aug_1.png,0.0
456.1499938964844,135.4510040283203,435.68701171875,112.66799926757812,40.92499923706055,45.566001892089844,,56.2,8c81f790-color_aug_1.png,0.0
460.74798583984375,85.83499908447266,439.31500244140625,68.36799621582031,42.86600112915039,34.933998107910156,,164.3,8c81f790-color_aug_1.png,0.0
395.69000244140625,180.59500122070312,379.74200439453125,159.7530059814453,31.895999908447266,41.683998107910156,,78.5,8c81f790-color_aug_1.png,0.0
453.07000732421875,183.46400451660156,433.9150085449219,169.62600708007812,38.308998107910156,27.677000045776367,,353.5,8c81f790-color_aug_1.png,0.0
456.15899658203125,147.28500366210938,430.114990234375,127.87799835205078,52.08700180053711,38.8129997253418,,191.9609,8c81f790-color_aug_2.png,0.0
432.9049987792969,184.17599487304688,409.7659912109375,167.5399932861328,46.27899932861328,33.27199935913086,,28.5273,8c81f790-color_aug_2.png,0.0
484.739990234375,205.91400146484375,456.77398681640625,181.81100463867188,55.93199920654297,48.207000732421875,,78.6749,8c81f790-color_aug_2.png,0.0
508.3580017089844,170.18299865722656,481.6180114746094,149.92300415039062,53.47999954223633,40.520999908447266,,187.3828,8c81f790-color_aug_2.png,0.0
411.05999755859375,219.9429931640625,388.0400085449219,198.802001953125,46.040000915527344,42.28300094604492,,102.022,8c81f790-color_aug_2.png,0.0
463.10198974609375,241.01100158691406,439.8030090332031,224.07200622558594,46.597999572753906,33.875999450683594,,16.4247,8c81f790-color_aug_2.png,0.0
409.510986328125,44.97999954223633,384.4570007324219,24.54400062561035,50.108001708984375,40.869998931884766,,168.8539,8c81f790-color_aug_3.png,0.0
405.61700439453125,107.06999969482422,383.0,90.447998046875,45.23400115966797,33.244998931884766,,6.4394,8c81f790-color_aug_3.png,0.0
473.34600830078125,111.81199645996094,449.24200439453125,84.16899871826172,48.20600128173828,55.2859992980957,,57.0327,8c81f790-color_aug_3.png,0.0
478.7900085449219,51.470001220703125,453.41900634765625,30.024999618530273,50.742000579833984,42.89099884033203,,163.9146,8c81f790-color_aug_3.png,0.0
402.6180114746094,165.9969940185547,383.8110046386719,140.96800231933594,37.612998962402344,50.058998107910156,,78.4296,8c81f790-color_aug_3.png,0.0
469.739990234375,169.6540069580078,447.3179931640625,153.01800537109375,44.84199905395508,33.27199935913086,,353.4987,8c81f790-color_aug_3.png,0.0
421.5090026855469,46.347999572753906,394.57501220703125,25.93600082397461,53.867000579833984,40.82400131225586,,170.5543,8c81f790-color_aug_4.png,0.0
414.8139953613281,107.1050033569336,390.5450134277344,90.34200286865234,48.5369987487793,33.527000427246094,,7.1203,8c81f790-color_aug_4.png,0.0
486.1679992675781,113.17400360107422,459.5610046386719,85.44300079345703,53.2140007019043,55.46200180053711,,57.0181,8c81f790-color_aug_4.png,0.0
494.3349914550781,53.880001068115234,466.6289978027344,32.36899948120117,55.4119987487793,43.02199935913086,,166.0427,8c81f790-color_aug_4.png,0.0
409.2120056152344,164.93699645996094,388.7080078125,139.87600708007812,41.007999420166016,50.12099838256836,,80.0121,8c81f790-color_aug_4.png,0.0
479.9989929199219,170.1230010986328,455.5740051269531,153.156005859375,48.85100173950195,33.935001373291016,,355.2515,8c81f790-color_aug_4.png,0.0
410.864990234375,41.974998474121094,385.8630065917969,21.702999114990234,50.00299835205078,40.542999267578125,,168.8691,8c81f790-color_aug_5.png,0.0
406.8659973144531,104.11699676513672,384.12200927734375,87.3489990234375,45.48899841308594,33.5369987487793,,6.437,8c81f790-color_aug_5.png,0.0
475.1050109863281,108.95600128173828,450.6499938964844,81.01200103759766,48.90999984741211,55.887001037597656,,56.7922,8c81f790-color_aug_5.png,0.0
480.09100341796875,48.375999450683594,454.5889892578125,27.051000595092773,51.00600051879883,42.650001525878906,,163.9207,8c81f790-color_aug_5.png,0.0
403.7460021972656,164.09800720214844,384.7149963378906,138.43899536132812,38.0629997253418,51.31700134277344,,78.6393,8c81f790-color_aug_5.png,0.0
471.8680114746094,167.8179931640625,448.9939880371094,150.73399353027344,45.74700164794922,34.16899871826172,,353.4432,8c81f790-color_aug_5.png,0.0
369.0039978027344,121.52799987792969,344.9079895019531,105.25599670410156,48.19200134277344,32.542999267578125,,359.3079,11cc29f2-color_aug_1.png,0.0
368.0580139160156,186.86700439453125,349.2919921875,164.53500366210938,37.53300094604492,44.665000915527344,,84.9728,11cc29f2-color_aug_1.png,0.0
425.0050048828125,183.08599853515625,395.7430114746094,159.0850067138672,58.52399826049805,48.00199890136719,,325.2988,11cc29f2-color_aug_1.png,0.0
424.97100830078125,118.96900177001953,395.58099365234375,91.85700225830078,58.77899932861328,54.224998474121094,,305.8259,11cc29f2-color_aug_1.png,0.0
482.53900146484375,115.80599975585938,463.02301025390625,91.9489974975586,39.03300094604492,47.7140007019043,,83.7047,11cc29f2-color_aug_1.png,0.0
480.8290100097656,179.77699279785156,460.12298583984375,156.59100341796875,41.4119987487793,46.37300109863281,,104.6766,11cc29f2-color_aug_1.png,0.0
376.2799987792969,123.2490005493164,353.63800048828125,107.00599670410156,45.28499984741211,32.486000061035156,,19.261,11cc29f2-color_aug_2.png,0.0
356.6109924316406,176.1649932861328,337.70098876953125,155.56100463867188,37.81999969482422,41.20800018310547,,102.261,11cc29f2-color_aug_2.png,0.0
406.5409851074219,189.2100067138672,377.9859924316406,165.53799438476562,57.111000061035156,47.34400177001953,,344.361,11cc29f2-color_aug_2.png,0.0
424.9739990234375,136.53599548339844,396.0679931640625,110.70099639892578,57.8129997253418,51.66999816894531,,323.561,11cc29f2-color_aug_2.png,0.0
476.0610046386719,149.86900329589844,455.88800048828125,127.81199645996094,40.34600067138672,44.112998962402344,,100.561,11cc29f2-color_aug_2.png,0.0
456.14300537109375,202.44900512695312,434.9010009765625,180.4949951171875,42.48400115966797,43.90800094604492,,121.661,11cc29f2-color_aug_2.png,0.0
274.35198974609375,131.9929962158203,248.28599548339844,112.8949966430664,52.132999420166016,38.19599914550781,,334.6788,11cc29f2-color_aug_3.png,0.0
305.1730041503906,182.4770050048828,281.0840148925781,160.57200622558594,48.178001403808594,43.810001373291016,,57.6788,11cc29f2-color_aug_3.png,0.0
355.4939880371094,160.61500549316406,321.57000732421875,133.83299255371094,67.8489990234375,53.564998626708984,,299.7788,11cc29f2-color_aug_3.png,0.0
323.9200134277344,111.08100128173828,288.9620056152344,82.38500213623047,69.91600036621094,57.39099884033203,,278.9788,11cc29f2-color_aug_3.png,0.0
375.39300537109375,88.7020034790039,349.6700134277344,65.26899719238281,51.44599914550781,46.8650016784668,,55.9788,11cc29f2-color_aug_3.png,0.0
405.72601318359375,139.09800720214844,379.0589904785156,115.5,53.33399963378906,47.198001861572266,,77.0788,11cc29f2-color_aug_3.png,0.0
305.45001220703125,102.94999694824219,282.5,87.0999984741211,45.900001525878906,31.700000762939453,,3.5,11cc29f2-color_aug_4.png,0.0
302.3999938964844,176.5500030517578,286.20001220703125,152.8000030517578,32.400001525878906,47.5,,86.5,11cc29f2-color_aug_4.png,0.0
363.1000061035156,177.35000610351562,335.5,152.60000610351562,55.20000076293945,49.5,,328.6,11cc29f2-color_aug_4.png,0.0
364.8500061035156,104.44999694824219,337.70001220703125,76.5999984741211,54.29999923706055,55.70000076293945,,307.8,11cc29f2-color_aug_4.png,0.0
426.95001220703125,105.25,409.70001220703125,79.80000305175781,34.5,50.900001525878906,,84.8,11cc29f2-color_aug_4.png,0.0
423.5,178.5,404.79998779296875,153.60000610351562,37.400001525878906,49.79999923706055,,105.9,11cc29f2-color_aug_4.png,0.0
347.8280029296875,89.10800170898438,324.07501220703125,72.697998046875,47.505001068115234,32.81999969482422,,4.4075,11cc29f2-color_aug_5.png,0.0
346.82000732421875,163.3419952392578,329.72900390625,139.19000244140625,34.180999755859375,48.303001403808594,,84.8874,11cc29f2-color_aug_5.png,0.0
408.2070007324219,164.97500610351562,379.6969909667969,139.71600341796875,57.02000045776367,50.518001556396484,,328.8688,11cc29f2-color_aug_5.png,0.0
408.03900146484375,91.57599639892578,379.8479919433594,63.02799987792969,56.382999420166016,57.09700012207031,,307.2551,11cc29f2-color_aug_5.png,0.0
470.7340087890625,93.41699981689453,452.7380065917969,67.51399993896484,35.992000579833984,51.80699920654297,,83.4148,11cc29f2-color_aug_5.png,0.0
469.08099365234375,166.968994140625,449.6719970703125,141.74000549316406,38.81700134277344,50.45800018310547,,104.6641,11cc29f2-color_aug_5.png,0.0
378.44000244140625,155.81500244140625,357.739013671875,137.11900329589844,41.402000427246094,37.393001556396484,,298.4188,4468b4a9-color_aug_1.png,0.0
348.3800048828125,198.73800659179688,327.41400146484375,179.91600036621094,41.93199920654297,37.643001556396484,,115.2728,4468b4a9-color_aug_1.png,0.0
391.7120056152344,216.59100341796875,360.76800537109375,192.46099853515625,61.887001037597656,48.2599983215332,,65.4978,4468b4a9-color_aug_1.png,0.0
420.9620056152344,173.58299255371094,390.5270080566406,149.10400390625,60.86899948120117,48.95899963378906,,336.1887,4468b4a9-color_aug_1.png,0.0
465.2650146484375,191.76199340820312,435.1510009765625,168.67599487304688,60.22600173950195,46.172000885009766,,64.0246,4468b4a9-color_aug_1.png,0.0
435.7149963378906,233.75900268554688,412.4700012207031,213.4459991455078,46.49100112915039,40.625999450683594,,131.4235,4468b4a9-color_aug_1.png,0.0
392.8269958496094,145.45799255371094,371.3900146484375,124.29199981689453,42.875,42.33300018310547,,293.5917,4468b4a9-color_aug_2.png,0.0
364.2090148925781,195.77000427246094,342.5419921875,174.5489959716797,43.33300018310547,42.441001892089844,,110.3917,4468b4a9-color_aug_2.png,0.0
413.44000244140625,214.73199462890625,380.927001953125,187.92300415039062,65.0260009765625,53.61800003051758,,62.0917,4468b4a9-color_aug_2.png,0.0
441.2179870605469,164.4459991455078,409.260009765625,137.07200622558594,63.91600036621094,54.749000549316406,,332.8917,4468b4a9-color_aug_2.png,0.0
491.4599914550781,183.81199645996094,459.6719970703125,158.1699981689453,63.57400131225586,51.28499984741211,,60.8917,4468b4a9-color_aug_2.png,0.0
463.1910095214844,232.85899353027344,439.0639953613281,210.10499572753906,48.255001068115234,45.507999420166016,,127.0917,4468b4a9-color_aug_2.png,0.0
373.9590148925781,98.83200073242188,357.30499267578125,74.18800354003906,33.30799865722656,49.28900146484375,,274.8282,4468b4a9-color_aug_3.png,0.0
365.4079895019531,171.75399780273438,348.52801513671875,147.552001953125,33.75899887084961,48.40599822998047,,91.7867,4468b4a9-color_aug_3.png,0.0
421.0039978027344,176.36900329589844,393.31298828125,148.93099975585938,55.38199996948242,54.87699890136719,,44.6072,4468b4a9-color_aug_3.png,0.0
428.8710021972656,104.60399627685547,402.13800048828125,75.33699798583984,53.46699905395508,58.53499984741211,,312.1748,4468b4a9-color_aug_3.png,0.0
484.5480041503906,110.14800262451172,457.59100341796875,84.03700256347656,53.91400146484375,52.222999572753906,,44.3946,4468b4a9-color_aug_3.png,0.0
475.7049865722656,179.8249969482422,457.0409851074219,154.9550018310547,37.327999114990234,49.7400016784668,,107.6509,4468b4a9-color_aug_3.png,0.0
345.7449951171875,120.99299621582031,331.95599365234375,101.19100189208984,27.577999114990234,39.604000091552734,,272.135,4468b4a9-color_aug_4.png,0.0
341.33599853515625,182.3800048828125,327.3210144042969,162.69500732421875,28.0310001373291,39.36800003051758,,88.9207,4468b4a9-color_aug_4.png,0.0
391.6549987792969,183.61199951171875,367.5799865722656,161.39100646972656,48.14899826049805,44.44200134277344,,39.4763,4468b4a9-color_aug_4.png,0.0
395.4159851074219,122.45500183105469,372.3160095214844,99.01100158691406,46.198001861572266,46.887001037597656,,310.8055,4468b4a9-color_aug_4.png,0.0
447.0060119628906,123.63899993896484,422.99798583984375,102.60900115966797,48.016998291015625,42.060001373291016,,38.1655,4468b4a9-color_aug_4.png,0.0
442.2300109863281,183.8300018310547,425.9590148925781,163.11900329589844,32.54100036621094,41.42100143432617,,105.7164,4468b4a9-color_aug_4.png,0.0
318.2909851074219,149.406005859375,298.2980041503906,130.12600708007812,39.98500061035156,38.56100082397461,,245.6547,4468b4a9-color_aug_5.png,0.0
341.37799072265625,196.13800048828125,321.17999267578125,176.80299377441406,40.395999908447266,38.67100143432617,,62.4547,4468b4a9-color_aug_5.png,0.0
386.8599853515625,179.79600524902344,356.7919921875,155.1959991455078,60.1349983215332,49.20100021362305,,14.1547,4468b4a9-color_aug_5.png,0.0
363.27899169921875,133.55499267578125,333.67498779296875,108.47699737548828,59.207000732421875,50.15599822998047,,284.9547,4468b4a9-color_aug_5.png,0.0
409.70599365234375,116.88600158691406,380.3370056152344,93.33200073242188,58.737998962402344,47.106998443603516,,12.9547,4468b4a9-color_aug_5.png,0.0
431.9859924316406,162.65199279785156,409.5350036621094,141.88900756835938,44.9010009765625,41.5260009765625,,79.1547,4468b4a9-color_aug_5.png,0.0
345.010009765625,55.10100173950195,319.29400634765625,26.812999725341797,51.430999755859375,56.57400131225586,,246.8,fc1715f8-color_aug_1.png,0.0
342.5889892578125,165.87899780273438,326.9580078125,142.3820037841797,31.261999130249023,46.99399948120117,,87.5,fc1715f8-color_aug_1.png,0.0
403.9540100097656,167.29100036621094,375.26300048828125,140.06199645996094,57.38100051879883,54.45600128173828,,37.9,fc1715f8-color_aug_1.png,0.0
464.91400146484375,167.29100036621094,446.5610046386719,141.5749969482422,36.70800018310547,51.430999755859375,,106.4,fc1715f8-color_aug_1.png,0.0
468.4440002441406,54.64699935913086,439.1990051269531,26.913999557495117,58.4900016784668,55.46500015258789,,39.2,fc1715f8-color_aug_1.png,0.0
406.9280090332031,56.007999420166016,382.22100830078125,38.310001373291016,49.41400146484375,35.39699935913086,,355.2,fc1715f8-color_aug_1.png,0.0
372.0220031738281,149.77200317382812,343.3840026855469,125.15899658203125,57.275001525878906,49.22600173950195,,272.0789,fc1715f8-color_aug_2.png,0.0
331.906005859375,216.51400756835938,312.3179931640625,197.7169952392578,39.176998138427734,37.59600067138672,,112.7789,fc1715f8-color_aug_2.png,0.0
376.3919982910156,235.01499938964844,345.94000244140625,210.19200134277344,60.90299987792969,49.64799880981445,,63.1789,fc1715f8-color_aug_2.png,0.0
421.07000732421875,252.54100036621094,398.7179870605469,231.61000061035156,44.70399856567383,41.86199951171875,,131.6789,fc1715f8-color_aug_2.png,0.0
462.6449890136719,184.98199462890625,431.61199951171875,159.69200134277344,62.064998626708984,50.58000183105469,,64.4789,fc1715f8-color_aug_2.png,0.0
417.0880126953125,168.12600708007812,392.8550109863281,150.2480010986328,48.46699905395508,35.75400161743164,,20.4789,fc1715f8-color_aug_2.png,0.0
355.79998779296875,29.649999618530273,330.29998779296875,1.600000023841858,51.0,56.099998474121094,,246.8,fc1715f8-color_aug_3.png,0.0
353.3999938964844,139.5,337.8999938964844,116.19999694824219,31.0,46.599998474121094,,87.5,fc1715f8-color_aug_3.png,0.0
414.25,140.89999389648438,385.79998779296875,113.9000015258789,56.900001525878906,54.0,,37.9,fc1715f8-color_aug_3.png,0.0
474.70001220703125,140.89999389648438,456.5,115.4000015258789,36.400001525878906,51.0,,106.4,fc1715f8-color_aug_3.png,0.0
478.20001220703125,29.200000762939453,449.20001220703125,1.7000000476837158,58.0,55.0,,39.2,fc1715f8-color_aug_3.png,0.0
417.20001220703125,30.549999237060547,392.70001220703125,13.0,49.0,35.099998474121094,,355.2,fc1715f8-color_aug_3.png,0.0
359.322998046875,19.450000762939453,331.22900390625,0.0,56.18899917602539,38.900001525878906,,246.8,fc1715f8-color_aug_4.png,0.0
356.6789855957031,129.02200317382812,339.60198974609375,103.35199737548828,34.15399932861328,51.340999603271484,,87.5,fc1715f8-color_aug_4.png,0.0
423.7200012207031,130.56500244140625,392.375,100.81800079345703,62.68899917602539,59.49399948120117,,37.9,fc1715f8-color_aug_4.png,0.0
490.32000732421875,130.56500244140625,470.26800537109375,102.47100067138672,40.10300064086914,56.18899917602539,,106.4,fc1715f8-color_aug_4.png,0.0
494.1759948730469,18.89900016784668,462.2250061035156,0.0,63.9010009765625,37.79899978637695,,39.2,fc1715f8-color_aug_4.png,0.0
426.9700012207031,14.161999702453613,399.97698974609375,0.0,53.98500061035156,28.323999404907227,,355.2,fc1715f8-color_aug_4.png,0.0
382.2900085449219,110.4520034790039,354.72601318359375,84.7509994506836,55.12699890136719,51.402000427246094,,262.1042,fc1715f8-color_aug_5.png,0.0
355.3210144042969,190.56900024414062,337.14599609375,170.36099243164062,36.349998474121094,40.41600036621094,,102.8042,fc1715f8-color_aug_5.png,0.0
405.5589904785156,203.81399536132812,375.7829895019531,178.29100036621094,59.55099868774414,51.04499816894531,,53.2042,fc1715f8-color_aug_5.png,0.0
455.7820129394531,215.9510040283203,434.8630065917969,193.58700561523438,41.83700180053711,44.72800064086914,,121.7042,fc1715f8-color_aug_5.png,0.0
484.0849914550781,134.69700622558594,453.739013671875,108.6969985961914,60.69200134277344,52.0,,54.5042,fc1715f8-color_aug_5.png,0.0
433.0979919433594,123.44000244140625,408.75299072265625,105.64399719238281,48.691001892089844,35.59199905395508,,10.5042,fc1715f8-color_aug_5.png,0.0
361.74200439453125,86.90399932861328,344.0069885253906,64.14299774169922,35.470001220703125,45.52199935913086,,253.6,646a9f06-color_aug_1.png,0.0
360.9110107421875,148.5,347.7449951171875,128.77099609375,26.33300018310547,39.45800018310547,,86.8,646a9f06-color_aug_1.png,0.0
411.00201416015625,148.33399963378906,387.70098876953125,126.27899932861328,46.60200119018555,44.11000061035156,,36.5,646a9f06-color_aug_1.png,0.0
462.9200134277344,147.66900634765625,438.7879943847656,127.69100189208984,48.26300048828125,39.95600128173828,,23.3,646a9f06-color_aug_1.png,0.0
463.875,86.61299896240234,439.4530029296875,63.5620002746582,48.84400177001953,46.10300064086914,,34.8,646a9f06-color_aug_1.png,0.0
411.7909851074219,86.77999877929688,392.76800537109375,63.64500045776367,38.04600143432617,46.26900100708008,,287.6,646a9f06-color_aug_1.png,0.0
273.364013671875,83.06400299072266,247.4290008544922,60.577999114990234,51.87099838256836,44.97100067138672,,223.8357,646a9f06-color_aug_2.png,0.0
302.37200927734375,125.48200225830078,281.75201416015625,106.85399627685547,41.2400016784668,37.25600051879883,,57.0357,646a9f06-color_aug_2.png,0.0
344.5379943847656,105.79199981689453,314.2489929199219,81.61399841308594,60.577999114990234,48.35599899291992,,6.7357,646a9f06-color_aug_2.png,0.0
388.0039978027344,85.0479965209961,358.0159912109375,61.9640007019043,59.97600173950195,46.16699981689453,,353.5357,646a9f06-color_aug_2.png,0.0
359.36199951171875,42.95000076293945,327.64599609375,17.652000427246094,63.430999755859375,50.595001220703125,,5.0357,646a9f06-color_aug_2.png,0.0
315.5150146484375,63.41899871826172,288.31298828125,40.17399978637695,54.40299987792969,46.487998962402344,,257.8357,646a9f06-color_aug_2.png,0.0
348.64599609375,69.35099792480469,326.3219909667969,43.1510009765625,44.64799880981445,52.4010009765625,,258.7405,646a9f06-color_aug_3.png,0.0
341.4549865722656,135.52999877929688,324.5950012207031,113.03399658203125,33.72100067138672,44.99399948120117,,91.9405,646a9f06-color_aug_3.png,0.0
397.99700927734375,140.19900512695312,369.4639892578125,114.21900177001953,57.064998626708984,51.95899963378906,,41.6405,646a9f06-color_aug_3.png,0.0
456.6510009765625,144.50799560546875,427.3919982910156,120.68199920654297,58.51900100708008,47.652000427246094,,28.4405,646a9f06-color_aug_3.png,0.0
463.927001953125,78.9219970703125,434.02801513671875,51.762001037597656,59.79899978637695,54.32099914550781,,39.9405,646a9f06-color_aug_3.png,0.0
405.135986328125,74.06099700927734,381.3210144042969,47.33300018310547,47.630001068115234,53.45500183105469,,292.7405,646a9f06-color_aug_3.png,0.0
375.4549865722656,141.73699951171875,350.7869873046875,118.11100006103516,49.3380012512207,47.250999450683594,,274.0066,646a9f06-color_aug_4.png,0.0
353.1000061035156,191.05499267578125,333.79400634765625,171.23699951171875,38.611000061035156,39.6349983215332,,107.2066,646a9f06-color_aug_4.png,0.0
400.3160095214844,205.91700744628906,370.65399169921875,181.1929931640625,59.321998596191406,49.446998596191406,,56.9066,646a9f06-color_aug_4.png,0.0
449.427001953125,220.9250030517578,419.71099853515625,197.62399291992188,59.43199920654297,46.60200119018555,,43.7066,646a9f06-color_aug_4.png,0.0
471.71099853515625,172.07899475097656,440.6440124511719,146.21800231933594,62.13199996948242,51.722999572753906,,55.2066,646a9f06-color_aug_4.png,0.0
422.6180114746094,156.6199951171875,396.6059875488281,132.30799865722656,52.02399826049805,48.62300109863281,,308.0066,646a9f06-color_aug_4.png,0.0
389.6969909667969,91.7979965209961,366.8160095214844,66.22699737548828,45.76300048828125,51.14400100708008,,261.9395,646a9f06-color_aug_5.png,0.0
378.989990234375,153.78399658203125,361.5530090332031,131.94500732421875,34.875999450683594,43.67900085449219,,95.1395,646a9f06-color_aug_5.png,0.0
433.4100036621094,161.02099609375,404.59698486328125,135.33799743652344,57.625999450683594,51.3650016784668,,44.8395,646a9f06-color_aug_5.png,0.0
489.89300537109375,168.02499389648438,460.5090026855469,144.31300354003906,58.76900100708008,47.42300033569336,,31.6395,646a9f06-color_aug_5.png,0.0
500.64898681640625,106.60099792480469,470.4599914550781,79.74800109863281,60.37900161743164,53.707000732421875,,43.1395,646a9f06-color_aug_5.png,0.0
444.06500244140625,99.06999969482422,419.72601318359375,72.93099975585938,48.67900085449219,52.27799987792969,,295.9395,646a9f06-color_aug_5.png,0.0
385.99700927734375,59.13100051879883,364.5610046386719,44.402000427246094,42.87200164794922,29.457000732421875,,2.3,e613dbf0-color_aug_1.png,0.0
385.4339904785156,116.77799987792969,359.7760009765625,91.30799865722656,51.314998626708984,50.939998626708984,,305.9,e613dbf0-color_aug_1.png,0.0
385.90301513671875,174.98800659179688,367.0,150.6909942626953,37.805999755859375,48.595001220703125,,288.3,e613dbf0-color_aug_1.png,0.0
452.7439880371094,175.31700134277344,428.7279968261719,149.19000244140625,48.03200149536133,52.25299835205078,,302.1,e613dbf0-color_aug_1.png,0.0
453.5880126953125,115.6989974975586,428.1650085449219,95.24800109863281,50.84600067138672,40.902000427246094,,201.9,e613dbf0-color_aug_1.png,0.0
453.9630126953125,58.70899963378906,428.0710144042969,38.21099853515625,51.784000396728516,40.99599838256836,,167.4,e613dbf0-color_aug_1.png,0.0
450.62298583984375,125.65699768066406,426.6109924316406,110.51899719238281,48.02399826049805,30.274999618530273,,19.9553,e613dbf0-color_aug_2.png,0.0
430.8590087890625,164.2310028076172,399.3389892578125,140.53799438476562,63.040000915527344,47.3849983215332,,329.434,e613dbf0-color_aug_2.png,0.0
411.677001953125,203.70599365234375,386.45098876953125,182.21800231933594,50.45199966430664,42.97700119018555,,312.3894,e613dbf0-color_aug_2.png,0.0
470.8370056152344,220.92300415039062,440.3280029296875,196.66700744628906,61.01900100708008,48.512001037597656,,325.7147,e613dbf0-color_aug_2.png,0.0
491.510009765625,180.468994140625,461.7969970703125,160.06700134277344,59.426998138427734,40.80500030517578,,218.8389,e613dbf0-color_aug_2.png,0.0
510.69500732421875,142.07200622558594,480.7019958496094,121.78199768066406,59.98500061035156,40.58000183105469,,186.5482,e613dbf0-color_aug_2.png,0.0
388.5570068359375,50.29399871826172,365.12799072265625,34.62900161743164,46.86000061035156,31.329999923706055,,1.9291,e613dbf0-color_aug_3.png,0.0
387.25,111.12699890136719,359.1029968261719,84.16000366210938,56.29399871826172,53.933998107910156,,307.0129,e613dbf0-color_aug_3.png,0.0
387.0329895019531,172.63699340820312,366.22100830078125,146.9429931640625,41.625,51.38800048828125,,289.3554,e613dbf0-color_aug_3.png,0.0
459.80999755859375,172.97999572753906,433.2720031738281,145.25799560546875,53.07600021362305,55.44499969482422,,303.3271,e613dbf0-color_aug_3.png,0.0
461.4410095214844,109.78600311279297,433.4410095214844,88.0479965209961,56.000999450683594,43.47700119018555,,201.2488,e613dbf0-color_aug_3.png,0.0
462.5260009765625,49.441001892089844,434.02099609375,27.591999053955078,57.01100158691406,43.698001861572266,,167.5034,e613dbf0-color_aug_3.png,0.0
441.0159912109375,144.85000610351562,418.66900634765625,128.57400512695312,44.69300079345703,32.553001403808594,,28.6529,e613dbf0-color_aug_4.png,0.0
418.36700439453125,181.68899536132812,388.5989990234375,157.1719970703125,59.5369987487793,49.034000396728516,,332.2529,e613dbf0-color_aug_4.png,0.0
396.30499267578125,219.2169952392578,372.2409973144531,197.6020050048828,48.12699890136719,43.23099899291992,,314.6529,e613dbf0-color_aug_4.png,0.0
448.16400146484375,240.6909942626953,419.41900634765625,216.2740020751953,57.4900016784668,48.83300018310547,,328.4529,e613dbf0-color_aug_4.png,0.0
471.7909851074219,202.67599487304688,444.13800048828125,181.45700073242188,55.30500030517578,42.43899917602539,,228.2529,e613dbf0-color_aug_4.png,0.0
494.0400085449219,166.1999969482422,466.0050048828125,144.80099487304688,56.07099914550781,42.79800033569336,,193.7529,e613dbf0-color_aug_4.png,0.0
426.8330078125,46.470001220703125,400.5780029296875,28.43000030517578,52.5099983215332,36.07899856567383,,2.3,e613dbf0-color_aug_5.png,0.0
426.1440124511719,117.0770034790039,394.7179870605469,85.88099670410156,62.85100173950195,62.391998291015625,,305.9,e613dbf0-color_aug_5.png,0.0
426.7179870605469,188.3730010986328,403.5660095214844,158.61399841308594,46.30500030517578,59.51900100708008,,288.3,e613dbf0-color_aug_5.png,0.0
508.58599853515625,188.77499389648438,479.1709899902344,156.77499389648438,58.83000183105469,64.0,,302.1,e613dbf0-color_aug_5.png,0.0
509.6199951171875,115.75499725341797,478.48199462890625,90.70700073242188,62.277000427246094,50.09700012207031,,201.9,e613dbf0-color_aug_5.png,0.0
510.0799865722656,49.52899932861328,478.36700439453125,28.0,63.42599868774414,43.058998107910156,,167.4,e613dbf0-color_aug_5.png,0.0
380.1969909667969,84.50700378417969,349.3789978027344,54.85900115966797,61.637001037597656,59.29600143432617,,213.7,65e6752e-color_aug_1.png,0.0
381.1449890136719,14.779000282287598,350.8280029296875,0.0,60.632999420166016,29.558000564575195,,204.1,65e6752e-color_aug_1.png,0.0
449.8030090332031,16.06100082397461,418.8179931640625,0.0,61.97100067138672,32.12200164794922,,216.9,65e6752e-color_aug_1.png,0.0
449.8590087890625,84.78600311279297,423.94500732421875,53.744998931884766,51.827999114990234,62.082000732421875,,107.6,65e6752e-color_aug_1.png,0.0
516.844970703125,82.27799987792969,493.2720031738281,52.183998107910156,47.14699935913086,60.1879997253418,,80.7,65e6752e-color_aug_1.png,0.0
518.9630126953125,16.06100082397461,491.7120056152344,0.0,54.50299835205078,32.12200164794922,,303.5,65e6752e-color_aug_1.png,0.0
338.9949951171875,150.343994140625,309.4200134277344,125.88999938964844,59.1510009765625,48.90800094604492,,190.2465,65e6752e-color_aug_2.png,0.0
315.947998046875,104.2699966430664,287.875,82.18900299072266,56.14699935913086,44.1619987487793,,180.6465,65e6752e-color_aug_2.png,0.0
361.97698974609375,86.44999694824219,332.239013671875,61.86000061035156,59.474998474121094,49.18000030517578,,193.4465,65e6752e-color_aug_2.png,0.0
386.2430114746094,133.32200622558594,359.5790100097656,109.28500366210938,53.327999114990234,48.073001861572266,,84.1465,65e6752e-color_aug_2.png,0.0
430.8609924316406,115.3759994506836,406.05999755859375,92.45500183105469,49.60200119018555,45.840999603271484,,57.2465,65e6752e-color_aug_2.png,0.0
408.5249938964844,68.8550033569336,381.0379943847656,44.64699935913086,54.97600173950195,48.41600036621094,,280.0465,65e6752e-color_aug_2.png,0.0
368.1210021972656,119.49500274658203,340.2879943847656,93.2040023803711,55.66600036621094,52.58000183105469,,213.3026,65e6752e-color_aug_3.png,0.0
368.3370056152344,48.0099983215332,340.95098876953125,25.128999710083008,54.77399826049805,45.76300048828125,,203.936,65e6752e-color_aug_3.png,0.0
429.8169860839844,46.79199981689453,401.8919982910156,20.277999877929688,55.849998474121094,53.02899932861328,,216.6022,65e6752e-color_aug_3.png,0.0
430.44000244140625,119.83000183105469,407.07501220703125,92.34600067138672,46.73099899291992,54.96900177001953,,107.3726,65e6752e-color_aug_3.png,0.0
490.2080078125,117.7020034790039,469.0159912109375,91.08599853515625,42.38399887084961,53.231998443603516,,80.2487,65e6752e-color_aug_3.png,0.0
491.614013671875,46.12799835205078,467.1109924316406,18.81399917602539,49.007999420166016,54.62799835205078,,303.4887,65e6752e-color_aug_3.png,0.0
355.2449951171875,144.9669952392578,326.2279968261719,119.94300079345703,58.034000396728516,50.047000885009766,,198.2645,65e6752e-color_aug_4.png,0.0
339.385009765625,91.91100311279297,311.5539855957031,69.5739974975586,55.6619987487793,44.67599868774414,,188.6645,65e6752e-color_aug_4.png,0.0
390.14300537109375,78.45600128173828,360.9670104980469,53.29199981689453,58.35200119018555,50.32699966430664,,201.4645,65e6752e-color_aug_4.png,0.0
407.1260070800781,132.53500366210938,381.47100830078125,107.48600006103516,51.310001373291016,50.097999572753906,,92.1645,65e6752e-color_aug_4.png,0.0
456.44500732421875,118.76100158691406,432.72601318359375,94.75700378417969,47.4379997253418,48.007999420166016,,65.2645,65e6752e-color_aug_4.png,0.0
441.39898681640625,65.31099700927734,414.8059997558594,40.202999114990234,53.185001373291016,50.21699905395508,,288.0645,65e6752e-color_aug_4.png,0.0
390.7560119628906,147.45399475097656,364.62298583984375,122.9530029296875,52.26599884033203,49.00199890136719,,216.7433,65e6752e-color_aug_5.png,0.0
394.97900390625,84.34300231933594,369.4209899902344,62.96099853515625,51.117000579833984,42.76300048828125,,207.1433,65e6752e-color_aug_5.png,0.0
450.4330139160156,85.97899627685547,424.1579895019531,61.340999603271484,52.54999923706055,49.27799987792969,,219.9433,65e6752e-color_aug_5.png,0.0
446.9410095214844,150.572998046875,424.7040100097656,125.18499755859375,44.472999572753906,50.7760009765625,,110.6433,65e6752e-color_aug_5.png,0.0
501.0870056152344,151.3979949951172,480.77899169921875,126.8489990234375,40.6150016784668,49.09700012207031,,83.7433,65e6752e-color_aug_5.png,0.0
506.2659912109375,88.11699676513672,482.9620056152344,62.891998291015625,46.606998443603516,50.45100021362305,,306.5433,65e6752e-color_aug_5.png,0.0
408.5870056152344,18.683000564575195,377.9530029296875,0.0,61.268001556396484,37.36600112915039,,333.8,5e255ec4-color_aug_1.png,0.0
410.85400390625,79.83300018310547,388.9020080566406,50.74800109863281,43.904998779296875,58.17100143432617,,281.8,5e255ec4-color_aug_1.png,0.0
412.6789855957031,148.62100219726562,391.5559997558594,120.64199829101562,42.24599838256836,55.959999084472656,,281.6,5e255ec4-color_aug_1.png,0.0
494.6830139160156,144.197998046875,463.6619873046875,114.00599670410156,62.04199981689453,60.382999420166016,,218.2,5e255ec4-color_aug_1.png,0.0
492.5270080566406,77.1240005493164,472.0669860839844,48.867000579833984,40.91899871826172,56.51300048828125,,86.2,5e255ec4-color_aug_1.png,0.0
492.02899169921875,19.954999923706055,461.6719970703125,0.0,60.71500015258789,39.909000396728516,,133.3,5e255ec4-color_aug_1.png,0.0
431.2099914550781,42.654998779296875,400.6789855957031,17.360000610351562,61.06100082397461,50.59000015258789,,333.8,5e255ec4-color_aug_2.png,0.0
433.468994140625,110.27400207519531,411.59100341796875,81.28600311279297,43.75600051879883,57.974998474121094,,281.8,5e255ec4-color_aug_2.png,0.0
435.2879943847656,178.82899475097656,414.2359924316406,150.94400024414062,42.10300064086914,55.77000045776367,,281.6,5e255ec4-color_aug_2.png,0.0
517.0139770507812,174.4199981689453,486.0979919433594,144.33099365234375,61.832000732421875,60.17900085449219,,218.2,5e255ec4-color_aug_2.png,0.0
514.864990234375,107.572998046875,494.4750061035156,79.41300201416016,40.78099822998047,56.32099914550781,,86.2,5e255ec4-color_aug_2.png,0.0
514.3690185546875,38.85300064086914,484.114013671875,7.21999979019165,60.5099983215332,63.26499938964844,,133.3,5e255ec4-color_aug_2.png,0.0
439.9750061035156,88.7979965209961,411.8900146484375,65.83100128173828,56.16999816894531,45.933998107910156,,340.0554,5e255ec4-color_aug_3.png,0.0
433.25,142.7899932861328,411.7130126953125,117.80000305175781,43.07400131225586,49.979000091552734,,289.9348,5e255ec4-color_aug_3.png,0.0
425.9989929199219,197.59300231933594,405.2439880371094,173.48599243164062,41.5099983215332,48.2130012512207,,289.7183,5e255ec4-color_aug_3.png,0.0
491.92401123046875,200.61099243164062,463.3840026855469,174.11099243164062,57.08000183105469,53.000999450683594,,226.9112,5e255ec4-color_aug_3.png,0.0
498.656005859375,147.6439971923828,478.82000732421875,123.68399810791016,39.67300033569336,47.917999267578125,,95.1064,5e255ec4-color_aug_3.png,0.0
506.8030090332031,93.43900299072266,478.6940002441406,65.75599670410156,56.21799850463867,55.367000579833984,,139.6284,5e255ec4-color_aug_3.png,0.0
454.9530029296875,154.4980010986328,426.5199890136719,132.32200622558594,56.86600112915039,44.35100173950195,,357.3579,5e255ec4-color_aug_4.png,0.0
436.3280029296875,193.9029998779297,412.7130126953125,171.7740020751953,47.22999954223633,44.25899887084961,,305.3579,5e255ec4-color_aug_4.png,0.0
417.12200927734375,233.73699951171875,394.4020080566406,212.447998046875,45.44200134277344,42.57899856567383,,305.1579,5e255ec4-color_aug_4.png,0.0
474.35101318359375,251.67300415039062,444.2239990234375,226.64700317382812,60.25400161743164,50.051998138427734,,241.7579,5e255ec4-color_aug_4.png,0.0
492.8210144042969,212.73800659179688,470.47100830078125,191.45599365234375,44.70100021362305,42.56399917602539,,109.7579,5e255ec4-color_aug_4.png,0.0
512.9819946289062,173.13999938964844,482.84600830078125,147.3939971923828,60.27000045776367,51.49300003051758,,156.8579,5e255ec4-color_aug_4.png,0.0
399.0989990234375,54.18199920654297,372.0150146484375,31.743000030517578,54.16600036621094,44.87799835205078,,333.8,5e255ec4-color_aug_5.png,0.0
401.1029968261719,114.16600036621094,381.69500732421875,88.45099639892578,38.816001892089844,51.42900085449219,,281.8,5e255ec4-color_aug_5.png,0.0
402.71600341796875,174.9810028076172,384.0419921875,150.24400329589844,37.3489990234375,49.472999572753906,,281.6,5e255ec4-color_aug_5.png,0.0
475.2149963378906,171.07000732421875,447.7900085449219,144.3780059814453,54.85100173950195,53.38399887084961,,218.2,5e255ec4-color_aug_5.png,0.0
473.3089904785156,111.7699966430664,455.22100830078125,86.78900146484375,36.17599868774414,49.96200180053711,,86.2,5e255ec4-color_aug_5.png,0.0
472.8689880371094,50.808998107910156,446.0299987792969,22.74799919128418,53.678001403808594,56.12200164794922,,133.3,5e255ec4-color_aug_5.png,0.0
387.9209899902344,175.10499572753906,363.6369934082031,159.06199645996094,48.566001892089844,32.0880012512207,,177.5834,46374b36-color_aug_1.png,0.0
382.6090087890625,104.83799743652344,354.4700012207031,82.4280014038086,56.27799987792969,44.82099914550781,,204.9196,46374b36-color_aug_1.png,0.0
443.1570129394531,102.48600006103516,418.4460144042969,86.96800231933594,49.42300033569336,31.035999298095703,,184.7481,46374b36-color_aug_1.png,0.0
447.31298828125,173.8730010986328,420.5660095214844,154.57400512695312,53.49300003051758,38.5989990234375,,345.7264,46374b36-color_aug_1.png,0.0
508.25201416015625,172.78700256347656,479.29400634765625,144.8509979248047,57.91600036621094,55.87099838256836,,47.2392,46374b36-color_aug_1.png,0.0
503.4339904785156,101.08899688720703,484.4159851074219,77.81500244140625,38.0369987487793,46.54899978637695,,268.8392,46374b36-color_aug_1.png,0.0
395.552001953125,192.20399475097656,372.2049865722656,176.27099609375,46.694000244140625,31.86400032043457,,178.5,46374b36-color_aug_2.png,0.0
394.7510070800781,119.45700073242188,367.4960021972656,96.30999755859375,54.5099983215332,46.292999267578125,,207.0,46374b36-color_aug_2.png,0.0
456.7760009765625,118.00399780273438,432.72698974609375,102.02200317382812,48.09700012207031,31.964000701904297,,185.8,46374b36-color_aug_2.png,0.0
455.2229919433594,191.9029998779297,429.8219909667969,172.66400146484375,50.801998138427734,38.47800064086914,,346.7,46374b36-color_aug_2.png,0.0
516.5469970703125,191.7030029296875,489.9429931640625,163.64599609375,53.207000732421875,56.112998962402344,,51.0,46374b36-color_aug_2.png,0.0
518.551025390625,117.40299987792969,501.2659912109375,93.10399627685547,34.56999969482422,48.597999572753906,,274.1,46374b36-color_aug_2.png,0.0
387.7860107421875,196.03900146484375,363.8550109863281,179.82000732421875,47.86199951171875,32.4370002746582,,177.7853,46374b36-color_aug_3.png,0.0
386.4739990234375,123.51499938964844,358.54901123046875,99.96399688720703,55.8489990234375,47.10200119018555,,205.5481,46374b36-color_aug_3.png,0.0
449.9100036621094,120.91100311279297,425.0580139160156,104.4739990234375,49.702999114990234,32.874000549316406,,184.5942,46374b36-color_aug_3.png,0.0
448.9339904785156,194.9290008544922,422.63299560546875,175.2949981689453,52.60300064086914,39.26900100708008,,346.291,46374b36-color_aug_3.png,0.0
512.3400268554688,193.88299560546875,484.4429931640625,165.25999450683594,55.79399871826172,57.24700164794922,,49.5134,46374b36-color_aug_3.png,0.0
513.6690063476562,119.13600158691406,495.5069885253906,94.39700317382812,36.32400131225586,49.47800064086914,,273.6827,46374b36-color_aug_3.png,0.0
350.22100830078125,171.10699462890625,330.3299865722656,157.53399658203125,39.78200149536133,27.14699935913086,,178.5,46374b36-color_aug_4.png,0.0
349.5379943847656,109.12899780273438,326.3169860839844,89.40899658203125,46.441001892089844,39.439998626708984,,207.0,46374b36-color_aug_4.png,0.0
402.3810119628906,107.89099884033203,381.89300537109375,94.2750015258789,40.97700119018555,27.232999801635742,,185.8,46374b36-color_aug_4.png,0.0
401.0580139160156,170.8509979248047,379.4169921875,154.4600067138672,43.28200149536133,32.78200149536133,,346.7,46374b36-color_aug_4.png,0.0
453.3039855957031,170.67999267578125,430.63800048828125,146.77699279785156,45.33100128173828,47.80699920654297,,51.0,46374b36-color_aug_4.png,0.0
455.010986328125,107.37899780273438,440.2850036621094,86.677001953125,29.45199966430664,41.40399932861328,,274.1,46374b36-color_aug_4.png,0.0
395.0740051269531,191.61500549316406,371.125,175.697998046875,47.89799880981445,31.833999633789062,,178.0245,46374b36-color_aug_5.png,0.0
395.4100036621094,120.0790023803711,367.43798828125,97.04399871826172,55.94300079345703,46.07099914550781,,205.9196,46374b36-color_aug_5.png,0.0
458.3909912109375,117.9229965209961,433.7049865722656,101.9219970703125,49.374000549316406,32.00299835205078,,184.9565,46374b36-color_aug_5.png,0.0
455.7699890136719,190.76400756835938,429.6090087890625,171.5290069580078,52.321998596191406,38.46900177001953,,346.6457,46374b36-color_aug_5.png,0.0
518.4030151367188,189.9969940185547,490.82501220703125,161.98300170898438,55.15599822998047,56.0260009765625,,50.2609,46374b36-color_aug_5.png,0.0
521.3619995117188,116.60700225830078,503.406005859375,92.45600128173828,35.9119987487793,48.30400085449219,,274.9531,46374b36-color_aug_5.png,0.0
375.7300109863281,187.82000732421875,352.2430114746094,163.5780029296875,46.974998474121094,48.48400115966797,,240.2795,d8d102e4-color_aug_1.png,0.0
426.8599853515625,178.5489959716797,399.0249938964844,156.08999633789062,55.66899871826172,44.91899871826172,,12.1795,d8d102e4-color_aug_1.png,0.0
415.5010070800781,121.38200378417969,386.3169860839844,95.65699768066406,58.36800003051758,51.44900131225586,,128.1795,d8d102e4-color_aug_1.png,0.0
362.4739990234375,132.41099548339844,333.8240051269531,107.19599914550781,57.29899978637695,50.43000030517578,,125.4795,d8d102e4-color_aug_1.png,0.0
467.5929870605469,111.10700225830078,438.4119873046875,84.90899658203125,58.36199951171875,52.39699935913086,,297.1795,d8d102e4-color_aug_1.png,0.0
479.8909912109375,168.61000061035156,456.9179992675781,144.80099487304688,45.94499969482422,47.61800003051758,,90.2795,d8d102e4-color_aug_1.png,0.0
385.3139953613281,188.50799560546875,362.7690124511719,163.2050018310547,45.09000015258789,50.60599899291992,,246.5331,d8d102e4-color_aug_2.png,0.0
440.27899169921875,183.83099365234375,412.6709899902344,161.1179962158203,55.21699905395508,45.42599868774414,,18.4331,d8d102e4-color_aug_2.png,0.0
435.6709899902344,119.56099700927734,407.03399658203125,93.22200012207031,57.275001525878906,52.678001403808594,,134.4331,d8d102e4-color_aug_2.png,0.0
378.4840087890625,125.97100067138672,350.364990234375,100.15899658203125,56.23699951171875,51.624000549316406,,131.7331,d8d102e4-color_aug_2.png,0.0
491.77899169921875,113.88300323486328,463.2120056152344,86.99400329589844,57.13399887084961,53.77799987792969,,303.4331,d8d102e4-color_aug_2.png,0.0
497.33099365234375,178.62399291992188,475.2950134277344,153.76100158691406,44.073001861572266,49.72600173950195,,96.5331,d8d102e4-color_aug_2.png,0.0
358.4469909667969,195.24600219726562,337.7200012207031,175.59500122070312,41.45399856567383,39.303001403808594,,232.8176,d8d102e4-color_aug_3.png,0.0
398.218994140625,183.6009979248047,374.4649963378906,164.79100036621094,47.50699996948242,37.61899948120117,,4.7176,d8d102e4-color_aug_3.png,0.0
382.47900390625,141.0570068359375,357.2929992675781,119.78099822998047,50.37200164794922,42.551998138427734,,120.7176,d8d102e4-color_aug_3.png,0.0
341.3949890136719,154.21299743652344,316.6759948730469,133.35400390625,49.43899917602539,41.71799850463867,,118.0176,d8d102e4-color_aug_3.png,0.0
422.90301513671875,128.56100463867188,397.6579895019531,106.9469985961914,50.4900016784668,43.229000091552734,,289.7176,d8d102e4-color_aug_3.png,0.0
439.4320068359375,171.27499389648438,419.1470031738281,151.98399353027344,40.56999969482422,38.582000732421875,,82.8176,d8d102e4-color_aug_3.png,0.0
384.4219970703125,183.68499755859375,359.3280029296875,161.0760040283203,50.18899917602539,45.21900177001953,,227.9142,d8d102e4-color_aug_4.png,0.0
428.86199951171875,167.3939971923828,400.6650085449219,145.33200073242188,56.39400100708008,44.125,,359.8142,d8d102e4-color_aug_4.png,0.0
405.8370056152344,121.10900115966797,375.73699951171875,96.33499908447266,60.198001861572266,49.54899978637695,,115.8142,d8d102e4-color_aug_4.png,0.0
360.0610046386719,139.1959991455078,330.52301025390625,114.90499877929688,59.07699966430664,48.58300018310547,,113.1142,d8d102e4-color_aug_4.png,0.0
450.9289855957031,103.81300354003906,420.71600341796875,78.68199920654297,60.426998138427734,50.26300048828125,,284.8142,d8d102e4-color_aug_4.png,0.0
474.88299560546875,150.22500610351562,450.31500244140625,128.03700256347656,49.137001037597656,44.375999450683594,,77.9142,d8d102e4-color_aug_4.png,0.0
387.9519958496094,195.0540008544922,368.9429931640625,171.33700561523438,38.018001556396484,47.43299865722656,,253.0,d8d102e4-color_aug_5.png,0.0
440.7149963378906,196.2530059814453,416.46600341796875,175.7779998779297,48.499000549316406,40.94900131225586,,24.9,d8d102e4-color_aug_5.png,0.0
443.6910095214844,130.8769989013672,418.864013671875,106.76000213623047,49.65399932861328,48.233001708984375,,140.9,d8d102e4-color_aug_5.png,0.0
388.6180114746094,131.18800354003906,364.2359924316406,107.55999755859375,48.76599884033203,47.25600051879883,,138.2,d8d102e4-color_aug_5.png,0.0
497.65301513671875,131.18800354003906,472.9590148925781,106.49400329589844,49.38800048828125,49.38800048828125,,309.9,d8d102e4-color_aug_5.png,0.0
495.52099609375,197.14100646972656,476.95599365234375,173.82400512695312,37.12900161743164,46.63399887084961,,103.0,d8d102e4-color_aug_5.png,0.0
544.1279907226562,74.2030029296875,519.4949951171875,45.95000076293945,49.26499938964844,56.50600051879883,,242.3479,84a0f573-color_aug_1.png,0.0
486.8429870605469,72.43499755859375,460.4339904785156,49.88199996948242,52.81800079345703,45.106998443603516,,25.7115,84a0f573-color_aug_1.png,0.0
429.74200439453125,68.1240005493164,402.3840026855469,41.6150016784668,54.715999603271484,53.018001556396484,,36.3465,84a0f573-color_aug_1.png,0.0
427.3580017089844,139.25599670410156,404.781005859375,122.44100189208984,45.15299987792969,33.63100051879883,,180.678,84a0f573-color_aug_1.png,0.0
485.125,141.68600463867188,457.6520080566406,114.5739974975586,54.946998596191406,54.224998474121094,,326.7182,84a0f573-color_aug_1.png,0.0
544.0469970703125,145.9980010986328,516.5040283203125,120.78700256347656,55.08599853515625,50.422000885009766,,156.9138,84a0f573-color_aug_1.png,0.0
486.20001220703125,142.10000610351562,460.70001220703125,113.0,51.0,58.20000076293945,,243.2,84a0f573-color_aug_2.png,0.0
424.79998779296875,142.5500030517578,397.1000061035156,119.69999694824219,55.400001525878906,45.70000076293945,,24.0,84a0f573-color_aug_2.png,0.0
364.1499938964844,140.1999969482422,335.3999938964844,113.30000305175781,57.5,53.79999923706055,,35.0,84a0f573-color_aug_2.png,0.0
361.25,214.10000610351562,337.8999938964844,197.6999969482422,46.70000076293945,32.79999923706055,,178.9,84a0f573-color_aug_2.png,0.0
421.45001220703125,214.64999389648438,393.20001220703125,187.8000030517578,56.5,53.70000076293945,,326.5,84a0f573-color_aug_2.png,0.0
483.45001220703125,217.1999969482422,455.20001220703125,192.1999969482422,56.5,50.0,,156.4,84a0f573-color_aug_2.png,0.0
500.5660095214844,131.04299926757812,477.54901123046875,105.0,46.034000396728516,52.08700180053711,,243.8753,84a0f573-color_aug_3.png,0.0
445.9460144042969,130.89100646972656,421.0169982910156,110.36399841308594,49.85900115966797,41.05500030517578,,24.5565,84a0f573-color_aug_3.png,0.0
391.98199462890625,128.26100158691406,366.0369873046875,104.12100219726562,51.89099884033203,48.28099822998047,,35.5747,84a0f573-color_aug_3.png,0.0
388.4639892578125,193.88299560546875,367.4469909667969,179.10699462890625,42.03300094604492,29.55299949645996,,179.4521,84a0f573-color_aug_3.png,0.0
442.0769958496094,194.88699340820312,416.5929870605469,170.7899932861328,50.96900177001953,48.19499969482422,,327.1784,84a0f573-color_aug_3.png,0.0
497.22900390625,197.67999267578125,471.79901123046875,175.23599243164062,50.86000061035156,44.888999938964844,,157.0176,84a0f573-color_aug_3.png,0.0
527.2000122070312,80.0999984741211,501.70001220703125,51.0,51.0,58.20000076293945,,243.2,84a0f573-color_aug_4.png,0.0
465.79998779296875,80.55000305175781,438.1000061035156,57.70000076293945,55.400001525878906,45.70000076293945,,24.0,84a0f573-color_aug_4.png,0.0
405.1499938964844,78.19999694824219,376.3999938964844,51.29999923706055,57.5,53.79999923706055,,35.0,84a0f573-color_aug_4.png,0.0
402.25,152.10000610351562,378.8999938964844,135.6999969482422,46.70000076293945,32.79999923706055,,178.9,84a0f573-color_aug_4.png,0.0
462.45001220703125,152.64999389648438,434.20001220703125,125.80000305175781,56.5,53.70000076293945,,326.5,84a0f573-color_aug_4.png,0.0
524.4500122070312,155.1999969482422,496.20001220703125,130.1999969482422,56.5,50.0,,156.4,84a0f573-color_aug_4.png,0.0
477.0790100097656,107.12100219726562,454.4739990234375,81.32599639892578,45.20899963378906,51.590999603271484,,243.2,84a0f573-color_aug_5.png,0.0
422.6510009765625,107.5199966430664,398.09600830078125,87.26499938964844,49.10900115966797,40.51100158691406,,24.0,84a0f573-color_aug_5.png,0.0
368.88800048828125,105.43699645996094,343.4020080566406,81.59200286865234,50.97100067138672,47.691001892089844,,35.0,84a0f573-color_aug_5.png,0.0
366.3169860839844,170.9459991455078,345.6180114746094,156.4080047607422,41.39699935913086,29.076000213623047,,178.9,84a0f573-color_aug_5.png,0.0
419.6809997558594,171.43299865722656,394.6390075683594,147.6320037841797,50.08399963378906,47.60200119018555,,326.5,84a0f573-color_aug_5.png,0.0
474.6409912109375,173.69400024414062,449.5989990234375,151.53199768066406,50.08399963378906,44.321998596191406,,156.4,84a0f573-color_aug_5.png,0.0
426.2080078125,73.04499816894531,397.4280090332031,45.46799850463867,57.560001373291016,55.15399932861328,,147.0121,0d94c8b4-color_aug_1.png,0.0
452.0950012207031,149.91200256347656,423.52099609375,120.625,57.14899826049805,58.57400131225586,,316.3823,0d94c8b4-color_aug_1.png,0.0
487.0710144042969,112.22599792480469,467.0539855957031,84.21299743652344,40.03300094604492,56.02799987792969,,84.2608,0d94c8b4-color_aug_1.png,0.0
390.47198486328125,188.9459991455078,366.14599609375,169.5070037841797,48.65299987792969,38.87699890136719,,166.0878,0d94c8b4-color_aug_1.png,0.0
511.97698974609375,188.1959991455078,483.49700927734375,161.92799377441406,56.959999084472656,52.5359992980957,,155.3692,0d94c8b4-color_aug_1.png,0.0
459.9259948730469,180.28199768066406,430.32501220703125,156.89700317382812,59.20000076293945,46.77000045776367,,177.6702,0d94c8b4-color_aug_2.png,0.0
450.32501220703125,231.61199951171875,419.7860107421875,206.843994140625,61.07899856567383,49.5359992980957,,346.2702,0d94c8b4-color_aug_2.png,0.0
488.1679992675781,221.93699645996094,464.39300537109375,200.69000244140625,47.54899978637695,42.49399948120117,,111.2702,0d94c8b4-color_aug_2.png,0.0
392.9339904785156,233.2989959716797,368.6180114746094,215.04800415039062,48.63199996948242,36.50199890136719,,196.4702,0d94c8b4-color_aug_2.png,0.0
478.5260009765625,273.39898681640625,449.0379943847656,250.14599609375,58.974998474121094,46.50600051879883,,185.5702,0d94c8b4-color_aug_2.png,0.0
429.5199890136719,148.125,404.22601318359375,126.94599914550781,50.5880012512207,42.356998443603516,,162.2212,0d94c8b4-color_aug_3.png,0.0
436.6180114746094,201.94900512695312,410.88299560546875,179.1820068359375,51.470001220703125,45.534000396728516,,330.8212,0d94c8b4-color_aug_3.png,0.0
468.2409973144531,183.61700439453125,449.31500244140625,163.08200073242188,37.85200119018555,41.069000244140625,,95.8212,0d94c8b4-color_aug_3.png,0.0
384.64300537109375,216.68699645996094,363.322998046875,200.66099548339844,42.63999938964844,32.051998138427734,,181.0212,0d94c8b4-color_aug_3.png,0.0
475.3420104980469,237.58399963378906,450.1199951171875,216.5469970703125,50.44499969482422,42.073001861572266,,170.1212,0d94c8b4-color_aug_3.png,0.0
415.3299865722656,99.56500244140625,386.60101318359375,75.32499694824219,57.45800018310547,48.479000091552734,,138.4167,0d94c8b4-color_aug_4.png,0.0
450.87799072265625,154.39700317382812,421.71099853515625,128.2779998779297,58.334999084472656,52.23699951171875,,307.0167,0d94c8b4-color_aug_4.png,0.0
474.8739929199219,121.21399688720703,453.61700439453125,97.47699737548828,42.513999938964844,47.47200012207031,,72.0167,0d94c8b4-color_aug_4.png,0.0
403.42401123046875,192.38999938964844,379.1159973144531,174.13900756835938,48.61600112915039,36.50199890136719,,157.2167,0d94c8b4-color_aug_4.png,0.0
510.5,176.19700622558594,481.8479919433594,152.12399291992188,57.303001403808594,48.14500045776367,,146.3167,0d94c8b4-color_aug_4.png,0.0
489.7380065917969,142.57200622558594,460.53399658203125,118.79199981689453,58.40800094604492,47.558998107910156,,168.8557,0d94c8b4-color_aug_5.png,0.0
489.8819885253906,199.1750030517578,459.9779968261719,173.78799438476562,59.80699920654297,50.775001525878906,,337.4557,0d94c8b4-color_aug_5.png,0.0
526.7680053710938,183.58799743652344,504.1860046386719,161.20599365234375,45.16600036621094,44.76300048828125,,102.4557,0d94c8b4-color_aug_5.png,0.0
431.4150085449219,208.82699584960938,407.0840148925781,190.57000732421875,48.6619987487793,36.51300048828125,,187.6557,0d94c8b4-color_aug_5.png,0.0
526.89599609375,240.33900451660156,497.7869873046875,216.70799255371094,58.21699905395508,47.26300048828125,,176.7557,0d94c8b4-color_aug_5.png,0.0
456.447998046875,154.24600219726562,427.9530029296875,126.802001953125,56.9900016784668,54.88800048828125,,319.2463,9a580d48-color_aug_1.png,0.0
492.04998779296875,119.87200164794922,472.34100341796875,93.74700164794922,39.417999267578125,52.249000549316406,,79.6594,9a580d48-color_aug_1.png,0.0
433.5690002441406,78.13300323486328,405.1470031738281,52.987998962402344,56.84400177001953,50.29100036621094,,150.0096,9a580d48-color_aug_1.png,0.0
400.55999755859375,148.89999389648438,370.6260070800781,123.5250015258789,59.86800003051758,50.749000549316406,,298.8526,9a580d48-color_aug_2.png,0.0
418.375,116.95099639892578,395.7449951171875,94.60199737548828,45.26100158691406,44.698001861572266,,58.7526,9a580d48-color_aug_2.png,0.0
359.7149963378906,103.37200164794922,330.489013671875,79.5979995727539,58.45199966430664,47.54800033569336,,129.7526,9a580d48-color_aug_2.png,0.0
431.8800048828125,185.48500061035156,402.47601318359375,159.6060028076172,58.808998107910156,51.75899887084961,,332.0781,9a580d48-color_aug_3.png,0.0
468.68499755859375,165.552001953125,447.0190124511719,142.2480010986328,43.33399963378906,46.606998443603516,,91.9781,9a580d48-color_aug_3.png,0.0
426.58099365234375,123.26599884033203,397.6940002441406,99.18000030517578,57.77399826049805,48.172000885009766,,162.9781,9a580d48-color_aug_3.png,0.0
450.6369934082031,201.0229949951172,421.16400146484375,175.2310028076172,58.946998596191406,51.582000732421875,,333.1033,9a580d48-color_aug_4.png,0.0
487.5329895019531,181.9600067138672,465.72198486328125,158.8209991455078,43.62300109863281,46.27799987792969,,93.0033,9a580d48-color_aug_4.png,0.0
446.61700439453125,139.6280059814453,417.6919860839844,115.59700012207031,57.849998474121094,48.06100082397461,,164.0033,9a580d48-color_aug_4.png,0.0
417.5,189.39999389648438,389.3999938964844,162.0,56.20000076293945,54.79999923706055,,318.7,9a580d48-color_aug_5.png,0.0
452.6000061035156,154.8000030517578,433.29998779296875,128.6999969482422,38.599998474121094,52.20000076293945,,78.6,9a580d48-color_aug_5.png,0.0
393.1499938964844,113.25,365.1000061035156,88.19999694824219,56.099998474121094,50.099998474121094,,149.6,9a580d48-color_aug_5.png,0.0
398.77398681640625,28.35300064086914,366.34698486328125,0.0,64.8550033569336,56.70600128173828,,156.7,5f430915-color_aug_1.png,0.0
437.44500732421875,111.8499984741211,409.92999267578125,92.1969985961914,55.02899932861328,39.305999755859375,,182.5,5f430915-color_aug_1.png,0.0
471.72198486328125,67.68800354003906,440.3349914550781,42.60200119018555,62.77399826049805,50.17300033569336,,17.1,5f430915-color_aug_1.png,0.0
403.052001953125,154.39300537109375,377.6759948730469,123.29499816894531,50.750999450683594,62.19599914550781,,105.5,5f430915-color_aug_1.png,0.0
447.23199462890625,101.75800323486328,418.7900085449219,76.677001953125,56.882999420166016,50.16299819946289,,156.7581,5f430915-color_aug_2.png,0.0
480.0,174.322998046875,455.8919982910156,157.19500732421875,48.21699905395508,34.25600051879883,,182.2552,5f430915-color_aug_2.png,0.0
510.16900634765625,135.99899291992188,482.7099914550781,114.21600341796875,54.917999267578125,43.566001892089844,,16.8737,5f430915-color_aug_2.png,0.0
449.64599609375,211.3780059814453,427.2250061035156,184.26400756835938,44.84199905395508,54.229000091552734,,106.1483,5f430915-color_aug_2.png,0.0
341.2179870605469,113.572998046875,311.8370056152344,90.00499725341797,58.76100158691406,47.13600158691406,,132.9595,5f430915-color_aug_3.png,0.0
390.4360046386719,150.16000366210938,366.9150085449219,132.843994140625,47.042999267578125,34.63100051879883,,158.7595,5f430915-color_aug_3.png,0.0
400.0989990234375,117.85800170898438,372.5039978027344,96.6510009765625,55.191001892089844,42.41400146484375,,353.3595,5f430915-color_aug_3.png,0.0
380.2349853515625,181.6060028076172,354.8299865722656,158.56300354003906,50.810001373291016,46.08599853515625,,81.7595,5f430915-color_aug_3.png,0.0
446.54998779296875,57.349998474121094,418.5,32.29999923706055,56.099998474121094,50.099998474121094,,156.7,5f430915-color_aug_4.png,0.0
480.0,130.10000610351562,456.20001220703125,113.0999984741211,47.599998474121094,34.0,,182.5,5f430915-color_aug_4.png,0.0
509.6499938964844,91.9000015258789,482.5,70.19999694824219,54.29999923706055,43.400001525878906,,17.1,5f430915-color_aug_4.png,0.0
450.25,166.89999389648438,428.29998779296875,140.0,43.900001525878906,53.79999923706055,,105.5,5f430915-color_aug_4.png,0.0
439.56298828125,106.72200012207031,414.9599914550781,84.75,49.207000732421875,43.944000244140625,,156.7,5f430915-color_aug_5.png,0.0
468.90301513671875,170.53199768066406,448.02801513671875,155.62100219726562,41.750999450683594,29.82200050354004,,182.5,5f430915-color_aug_5.png,0.0
494.9100036621094,137.0260009765625,471.09600830078125,117.99299621582031,47.62799835205078,38.06700134277344,,17.1,5f430915-color_aug_5.png,0.0
442.8089904785156,202.80999755859375,423.5559997558594,179.21600341796875,38.50600051879883,47.18899917602539,,105.5,5f430915-color_aug_5.png,0.0
399.0429992675781,182.99099731445312,372.68499755859375,156.98800659179688,52.71799850463867,52.00600051879883,,103.8279,71a6769b-color_aug_1.png,0.0
421.6029968261719,149.83700561523438,393.1910095214844,125.85199737548828,56.82500076293945,47.970001220703125,,138.1279,71a6769b-color_aug_1.png,0.0
443.6520080566406,115.73100280761719,414.7539978027344,88.71800231933594,57.79600143432617,54.0260009765625,,297.2279,71a6769b-color_aug_1.png,0.0
467.06298828125,81.39600372314453,437.59600830078125,53.66600036621094,58.935001373291016,55.45899963378906,,46.5279,71a6769b-color_aug_1.png,0.0
417.0690002441406,185.67999267578125,388.8059997558594,157.6540069580078,56.527000427246094,56.05099868774414,,115.4437,71a6769b-color_aug_2.png,0.0
452.2149963378906,149.71200561523438,420.4809875488281,124.13400268554688,63.470001220703125,51.154998779296875,,150.0598,71a6769b-color_aug_2.png,0.0
487.56298828125,111.74299621582031,455.5889892578125,81.78299713134766,63.946998596191406,59.91999816894531,,309.6686,71a6769b-color_aug_2.png,0.0
525.4019775390625,73.00599670410156,492.4989929199219,41.59600067138672,65.80799865722656,62.82099914550781,,52.7292,71a6769b-color_aug_2.png,0.0
458.6499938964844,159.39999389648438,433.79998779296875,131.60000610351562,49.70000076293945,55.599998474121094,,114.3,71a6769b-color_aug_3.png,0.0
490.8500061035156,124.05000305175781,463.1000061035156,99.30000305175781,55.5,49.5,,148.6,71a6769b-color_aug_3.png,0.0
522.7000122070312,87.44999694824219,495.1000061035156,58.900001525878906,55.20000076293945,57.099998474121094,,307.7,71a6769b-color_aug_3.png,0.0
556.0999755859375,50.849998474121094,528.0,21.5,56.20000076293945,58.70000076293945,,57.0,71a6769b-color_aug_3.png,0.0
413.625,227.35299682617188,386.27099609375,202.40199279785156,54.709999084472656,49.902000427246094,,133.2362,71a6769b-color_aug_4.png,0.0
448.88800048828125,210.66000366210938,420.0580139160156,187.12100219726562,57.659000396728516,47.07899856567383,,167.5362,71a6769b-color_aug_4.png,0.0
484.2130126953125,193.0260009765625,454.4649963378906,166.91200256347656,59.49399948120117,52.22800064086914,,326.6362,71a6769b-color_aug_4.png,0.0
520.77001953125,175.75799560546875,490.4070129394531,148.9759979248047,60.72600173950195,53.5629997253418,,75.9362,71a6769b-color_aug_4.png,0.0
411.1050109863281,152.5709991455078,386.281005859375,124.27100372314453,49.64799880981445,56.60100173950195,,113.0571,71a6769b-color_aug_5.png,0.0
442.3190002441406,116.8239974975586,414.65301513671875,91.6729965209961,55.332000732421875,50.30400085449219,,147.7518,71a6769b-color_aug_5.png,0.0
473.135986328125,79.86699676513672,445.53399658203125,50.93899917602539,55.20399856567383,57.85499954223633,,306.4449,71a6769b-color_aug_5.png,0.0
505.4389953613281,42.95000076293945,477.29901123046875,13.28600025177002,56.28099822998047,59.32699966430664,,57.0192,71a6769b-color_aug_5.png,0.0
306.87298583984375,141.0850067138672,286.7130126953125,126.29000091552734,40.32099914550781,29.59000015258789,,332.8639,738b674b-color_aug_1.png,0.0
360.9880065917969,190.07200622558594,336.7099914550781,169.2570037841797,48.555999755859375,41.63100051879883,,90.7639,738b674b-color_aug_1.png,0.0
388.35198974609375,154.75399780273438,362.47198486328125,133.88699340820312,51.7599983215332,41.733001708984375,,117.5639,738b674b-color_aug_1.png,0.0
382.4909973144531,70.91999816894531,357.5260009765625,53.42900085449219,49.92900085449219,34.981998443603516,,359.4,738b674b-color_aug_2.png,0.0
415.24700927734375,186.4669952392578,389.22198486328125,157.31500244140625,52.04899978637695,58.303001403808594,,117.3,738b674b-color_aug_2.png,0.0
480.44000244140625,147.50999450683594,450.9179992675781,120.0009994506836,59.04600143432617,55.016998291015625,,144.1,738b674b-color_aug_2.png,0.0
382.2850036621094,70.23300170898438,358.8559875488281,53.53900146484375,46.856998443603516,33.38999938964844,,351.6853,738b674b-color_aug_3.png,0.0
423.7770080566406,159.1020050048828,398.08599853515625,132.96600341796875,51.38199996948242,52.27199935913086,,109.5853,738b674b-color_aug_3.png,0.0
475.13299560546875,120.87899780273438,446.6340026855469,95.6780014038086,56.99800109863281,50.402000427246094,,136.3853,738b674b-color_aug_3.png,0.0
343.95001220703125,43.5,320.3999938964844,27.0,47.099998474121094,33.0,,359.4,738b674b-color_aug_4.png,0.0
374.8500061035156,152.5,350.29998779296875,125.0,49.099998474121094,55.0,,117.3,738b674b-color_aug_4.png,0.0
436.3500061035156,115.75,408.5,89.80000305175781,55.70000076293945,51.900001525878906,,144.1,738b674b-color_aug_4.png,0.0
344.6470031738281,103.96600341796875,321.2829895019531,87.21399688720703,46.72800064086914,33.50299835205078,,348.4874,738b674b-color_aug_5.png,0.0
390.0220031738281,186.0030059814453,363.92999267578125,160.33999633789062,52.18299865722656,51.32500076293945,,106.3874,738b674b-color_aug_5.png,0.0
437.5820007324219,147.3040008544922,408.86700439453125,122.37000274658203,57.42900085449219,49.869998931884766,,133.1874,738b674b-color_aug_5.png,0.0
379.70001220703125,72.1500015258789,351.8999938964844,43.900001525878906,55.599998474121094,56.5,,54.1,f8618ac0-color_aug_1.png,0.0
379.1000061035156,181.5,351.70001220703125,157.5,54.79999923706055,48.0,,27.6,f8618ac0-color_aug_1.png,0.0
470.54998779296875,144.5500030517578,450.1000061035156,118.30000305175781,40.900001525878906,52.5,,100.2,f8618ac0-color_aug_1.png,0.0
441.0,70.05000305175781,412.29998779296875,42.599998474121094,57.400001525878906,54.900001525878906,,144.1,f8618ac0-color_aug_1.png,0.0
415.125,181.5399932861328,384.55499267578125,156.28700256347656,61.14099884033203,50.50600051879883,,81.5265,f8618ac0-color_aug_2.png,0.0
373.8370056152344,246.06199645996094,345.14300537109375,223.44700622558594,57.388999938964844,45.23099899291992,,55.0265,f8618ac0-color_aug_2.png,0.0
453.4849853515625,252.27999877929688,428.9540100097656,230.4669952392578,49.0629997253418,43.625,,127.6265,f8618ac0-color_aug_2.png,0.0
460.0450134277344,199.12100219726562,429.125,174.06500244140625,61.8390007019043,50.11199951171875,,171.5265,f8618ac0-color_aug_2.png,0.0
386.4440002441406,56.797000885009766,354.97698974609375,24.81999969482422,62.935001373291016,63.95399856567383,,54.1,f8618ac0-color_aug_3.png,0.0
385.7650146484375,180.57400512695312,354.75,153.40699768066406,62.029998779296875,54.33300018310547,,27.6,f8618ac0-color_aug_3.png,0.0
489.281005859375,138.74899291992188,466.13299560546875,109.03500366210938,46.29600143432617,59.42599868774414,,100.2,f8618ac0-color_aug_3.png,0.0
455.8320007324219,54.41999816894531,423.34600830078125,23.347999572753906,64.9729995727539,62.143001556396484,,144.1,f8618ac0-color_aug_3.png,0.0
315.4280090332031,119.06700134277344,285.3389892578125,93.38300323486328,60.178001403808594,51.36800003051758,,32.3295,f8618ac0-color_aug_4.png,0.0
348.5880126953125,190.59100341796875,320.114013671875,167.78599548339844,56.94900131225586,45.611000061035156,,5.8295,f8618ac0-color_aug_4.png,0.0
407.63299560546875,142.63900756835938,383.8179931640625,120.1760025024414,47.63100051879883,44.92499923706055,,78.4295,f8618ac0-color_aug_4.png,0.0
361.97601318359375,101.71800231933594,331.44000244140625,76.3219985961914,61.071998596191406,50.79199981689453,,122.3295,f8618ac0-color_aug_4.png,0.0
378.9339904785156,77.50599670410156,351.02301025390625,49.143001556396484,55.82099914550781,56.724998474121094,,54.1,f8618ac0-color_aug_5.png,0.0
378.33099365234375,187.29100036621094,350.8219909667969,163.19500732421875,55.018001556396484,48.191001892089844,,27.6,f8618ac0-color_aug_5.png,0.0
470.1449890136719,150.19400024414062,449.614013671875,123.83899688720703,41.0629997253418,52.70899963378906,,100.2,f8618ac0-color_aug_5.png,0.0
440.4779968261719,75.39700317382812,411.6629943847656,47.8380012512207,57.62900161743164,55.11899948120117,,144.1,f8618ac0-color_aug_5.png,0.0
388.0350036621094,73.697998046875,359.135986328125,43.68000030517578,57.79800033569336,60.0369987487793,,133.2,a67a8b64-color_aug_1.png,0.0
452.60400390625,71.83200073242188,432.6099853515625,44.319000244140625,39.98899841308594,55.025001525878906,,95.7,a67a8b64-color_aug_1.png,0.0
520.3189697265625,66.12699890136719,489.8739929199219,35.78799819946289,60.88999938964844,60.676998138427734,,314.7,a67a8b64-color_aug_1.png,0.0
485.875,151.5970001220703,464.281005859375,123.87100219726562,43.1879997253418,55.45199966430664,,104.5,a67a8b64-color_aug_1.png,0.0
452.97698974609375,190.67999267578125,431.43701171875,163.11399841308594,43.082000732421875,55.13199996948242,,282.2,a67a8b64-color_aug_1.png,0.0
388.0880126953125,190.78700256347656,363.8280029296875,161.83399963378906,48.52000045776367,57.90399932861328,,292.4,a67a8b64-color_aug_1.png,0.0
379.9620056152344,50.85300064086914,353.37298583984375,21.934999465942383,53.176998138427734,57.83599853515625,,132.1174,a67a8b64-color_aug_2.png,0.0
438.1820068359375,49.33100128173828,419.76300048828125,22.927000045776367,36.8390007019043,52.80799865722656,,96.3405,a67a8b64-color_aug_2.png,0.0
498.9119873046875,44.132999420166016,471.1969909667969,15.060999870300293,55.43000030517578,58.143001556396484,,313.4856,a67a8b64-color_aug_2.png,0.0
466.6679992675781,125.59600067138672,446.87799072265625,99.14199829101562,39.58100128173828,52.909000396728516,,104.6057,a67a8b64-color_aug_2.png,0.0
436.54400634765625,162.90499877929688,416.76800537109375,136.59300231933594,39.55099868774414,52.624000549316406,,282.4435,a67a8b64-color_aug_2.png,0.0
378.1700134277344,163.09300231933594,355.8280029296875,135.37399291992188,44.685001373291016,55.4379997253418,,292.0513,a67a8b64-color_aug_2.png,0.0
342.79998779296875,100.05000305175781,315.70001220703125,71.9000015258789,54.20000076293945,56.29999923706055,,133.2,a67a8b64-color_aug_3.png,0.0
403.3500061035156,98.30000305175781,384.6000061035156,72.5,37.5,51.599998474121094,,95.7,a67a8b64-color_aug_3.png,0.0
466.8500061035156,92.94999694824219,438.29998779296875,64.5,57.099998474121094,56.900001525878906,,314.7,a67a8b64-color_aug_3.png,0.0
434.54998779296875,173.10000610351562,414.29998779296875,147.10000610351562,40.5,52.0,,104.5,a67a8b64-color_aug_3.png,0.0
403.70001220703125,209.75,383.5,183.89999389648438,40.400001525878906,51.70000076293945,,282.2,a67a8b64-color_aug_3.png,0.0
342.8500061035156,209.85000610351562,320.1000061035156,182.6999969482422,45.5,54.29999923706055,,292.4,a67a8b64-color_aug_3.png,0.0
391.79998779296875,74.05000305175781,364.70001220703125,45.900001525878906,54.20000076293945,56.29999923706055,,133.2,a67a8b64-color_aug_4.png,0.0
452.3500061035156,72.30000305175781,433.6000061035156,46.5,37.5,51.599998474121094,,95.7,a67a8b64-color_aug_4.png,0.0
515.8499755859375,66.94999694824219,487.29998779296875,38.5,57.099998474121094,56.900001525878906,,314.7,a67a8b64-color_aug_4.png,0.0
483.54998779296875,147.10000610351562,463.29998779296875,121.0999984741211,40.5,52.0,,104.5,a67a8b64-color_aug_4.png,0.0
452.70001220703125,183.75,432.5,157.89999389648438,40.400001525878906,51.70000076293945,,282.2,a67a8b64-color_aug_4.png,0.0
391.8500061035156,183.85000610351562,369.1000061035156,156.6999969482422,45.5,54.29999923706055,,292.4,a67a8b64-color_aug_4.png,0.0
374.7659912109375,88.2300033569336,349.5249938964844,62.01100158691406,50.48099899291992,52.4370002746582,,133.2,a67a8b64-color_aug_5.png,0.0
431.1610107421875,86.5999984741211,413.697998046875,62.56999969482422,34.926998138427734,48.060001373291016,,95.7,a67a8b64-color_aug_5.png,0.0
490.30499267578125,81.61699676513672,463.7139892578125,55.11899948120117,53.18199920654297,52.99599838256836,,314.7,a67a8b64-color_aug_5.png,0.0
460.22100830078125,156.26800537109375,441.3599853515625,132.052001953125,37.72100067138672,48.43199920654297,,104.5,a67a8b64-color_aug_5.png,0.0
431.48699951171875,190.4029998779297,412.6730041503906,166.32699584960938,37.62799835205078,48.15299987792969,,282.2,a67a8b64-color_aug_5.png,0.0
374.81201171875,190.4969940185547,353.62298583984375,165.20899963378906,42.37799835205078,50.57400131225586,,292.4,a67a8b64-color_aug_5.png,0.0
